ISO-10303-21;
HEADER;
FILE_DESCRIPTION (( 'STEP AP214' ),
    '1' );
FILE_NAME ('Shelling&Ribs.STEP',
    '2023-04-17T21:25:05',
    ( '' ),
    ( '' ),
    'SwSTEP 2.0',
    'SolidWorks 2021',
    '' );
FILE_SCHEMA (( 'AUTOMOTIVE_DESIGN' ));
ENDSEC;

DATA;
#1 = DIRECTION ( 'NONE',  ( 0.000000000000000000, -0.000000000000000000, -1.000000000000000000 ) ) ;
#2 = VERTEX_POINT ( 'NONE', #1297 ) ;
#3 = CARTESIAN_POINT ( 'NONE',  ( 8.000000000000007105, 18.99999999983492671, 35.00000000000008527 ) ) ;
#4 = LINE ( 'NONE', #1564, #881 ) ;
#5 = EDGE_CURVE ( 'NONE', #1224, #1713, #1593, .T. ) ;
#6 = DIRECTION ( 'NONE',  ( -1.734723475976805615E-16, 0.000000000000000000, -1.000000000000000000 ) ) ;
#7 = ORIENTED_EDGE ( 'NONE', *, *, #306, .T. ) ;
#8 = CARTESIAN_POINT ( 'NONE',  ( 12.11030494255776091, 0.000000000000000000, 132.9999999999954525 ) ) ;
#9 = ORIENTED_EDGE ( 'NONE', *, *, #1697, .T. ) ;
#10 = DIRECTION ( 'NONE',  ( 0.000000000000000000, -0.9986295347545739443, -0.05233595624294388321 ) ) ;
#11 = ORIENTED_EDGE ( 'NONE', *, *, #1185, .F. ) ;
#12 = DIRECTION ( 'NONE',  ( 0.000000000000000000, 0.9986295347545739443, -0.05233595624294388321 ) ) ;
#13 = DIRECTION ( 'NONE',  ( 0.05226442768871395611, 0.9972646886342372285, -0.05226442768871396999 ) ) ;
#14 = VECTOR ( 'NONE', #1089, 1000.000000000000000 ) ;
#15 = VECTOR ( 'NONE', #1519, 1000.000000000000114 ) ;
#16 = ORIENTED_EDGE ( 'NONE', *, *, #1060, .F. ) ;
#17 = CARTESIAN_POINT ( 'NONE',  ( -8.633145545018710010, 13.99999999990131982, 103.3668544549812083 ) ) ;
#18 = EDGE_LOOP ( 'NONE', ( #464, #61, #1433, #550 ) ) ;
#19 = DIRECTION ( 'NONE',  ( 0.000000000000000000, -0.05233595624294388321, 0.9986295347545739443 ) ) ;
#20 = CARTESIAN_POINT ( 'NONE',  ( -17.50000000000000000, 21.00000000000000000, 14.00000000000006750 ) ) ;
#21 = CARTESIAN_POINT ( 'NONE',  ( -17.50000000000000000, 21.00000000000000000, 14.00000000000006750 ) ) ;
#22 = MECHANICAL_DESIGN_GEOMETRIC_PRESENTATION_REPRESENTATION (  '', ( #996 ), #583 ) ;
#23 = ORIENTED_EDGE ( 'NONE', *, *, #1289, .T. ) ;
#24 = ORIENTED_EDGE ( 'NONE', *, *, #1452, .T. ) ;
#25 = CARTESIAN_POINT ( 'NONE',  ( 27.36651747436947701, 7.368374555808583359, 14.00000000000006573 ) ) ;
#26 = DIRECTION ( 'NONE',  ( 1.000000000000000000, 0.000000000000000000, -0.000000000000000000 ) ) ;
#27 = LINE ( 'NONE', #721, #307 ) ;
#28 = DIRECTION ( 'NONE',  ( -0.9986295347545739443, -0.05233595624294388321, 1.847835837592060192E-16 ) ) ;
#29 = ORIENTED_EDGE ( 'NONE', *, *, #1620, .T. ) ;
#30 = PLANE ( 'NONE',  #1715 ) ;
#31 = EDGE_CURVE ( 'NONE', #126, #237, #644, .T. ) ;
#32 = CARTESIAN_POINT ( 'NONE',  ( 8.633145545018710010, 13.99999999990131982, 110.6331455450186354 ) ) ;
#33 = VERTEX_POINT ( 'NONE', #1501 ) ;
#34 = VECTOR ( 'NONE', #399, 1000.000000000000000 ) ;
#35 = LINE ( 'NONE', #880, #397 ) ;
#36 = DIRECTION ( 'NONE',  ( 0.05226442768871397693, 0.9972646886342372285, 0.05226442768871396999 ) ) ;
#37 = VECTOR ( 'NONE', #1194, 1000.000000000000000 ) ;
#38 = ORIENTED_EDGE ( 'NONE', *, *, #1103, .T. ) ;
#39 = DIRECTION ( 'NONE',  ( -0.05226442768871396305, 0.9972646886342372285, 0.05226442768871396999 ) ) ;
#40 = EDGE_CURVE ( 'NONE', #959, #1386, #1510, .T. ) ;
#41 = DIRECTION ( 'NONE',  ( 0.05233595624294388321, -0.9986295347545739443, 0.000000000000000000 ) ) ;
#42 = VERTEX_POINT ( 'NONE', #528 ) ;
#43 = DIRECTION ( 'NONE',  ( 0.9986295347545739443, -0.05233595624294388321, -1.924828997491728196E-16 ) ) ;
#44 = EDGE_CURVE ( 'NONE', #1093, #693, #372, .T. ) ;
#45 = EDGE_CURVE ( 'NONE', #347, #1756, #353, .T. ) ;
#46 = CARTESIAN_POINT ( 'NONE',  ( -3.290368882867829470, 14.99999999983492671, 42.50000000000009237 ) ) ;
#47 = FACE_OUTER_BOUND ( 'NONE', #1791, .T. ) ;
#48 = EDGE_LOOP ( 'NONE', ( #1251, #733, #497, #935 ) ) ;
#49 = VECTOR ( 'NONE', #684, 1000.000000000000000 ) ;
#50 = VERTEX_POINT ( 'NONE', #1098 ) ;
#51 = CARTESIAN_POINT ( 'NONE',  ( -3.999999999999996447, 14.99999999983492671, 61.20963111713225402 ) ) ;
#52 = DIRECTION ( 'NONE',  ( 0.000000000000000000, -0.000000000000000000, 1.000000000000000000 ) ) ;
#53 = ORIENTED_EDGE ( 'NONE', *, *, #293, .T. ) ;
#54 = CARTESIAN_POINT ( 'NONE',  ( 12.68872401980573450, 11.57831023005775073, 129.1903656779191465 ) ) ;
#55 = LINE ( 'NONE', #1611, #1793 ) ;
#56 = EDGE_LOOP ( 'NONE', ( #327, #1167, #987, #1476 ) ) ;
#57 = EDGE_CURVE ( 'NONE', #701, #203, #1373, .T. ) ;
#58 = VERTEX_POINT ( 'NONE', #781 ) ;
#59 = CARTESIAN_POINT ( 'NONE',  ( -3.499999999999994227, 18.99999999983492671, 47.00000000000007105 ) ) ;
#60 = CARTESIAN_POINT ( 'NONE',  ( 3.290368882867839684, 14.99999999983492671, 81.79036888286790941 ) ) ;
#61 = ORIENTED_EDGE ( 'NONE', *, *, #442, .F. ) ;
#62 = FACE_OUTER_BOUND ( 'NONE', #1179, .T. ) ;
#63 = CARTESIAN_POINT ( 'NONE',  ( 28.00000000000000000, 0.000000000000000000, 14.00000000000006750 ) ) ;
#64 = CARTESIAN_POINT ( 'NONE',  ( 4.209631117132170530, 14.99999999983492671, 61.20963111713224691 ) ) ;
#65 =( NAMED_UNIT ( * ) SI_UNIT ( $, .STERADIAN. ) SOLID_ANGLE_UNIT ( ) );
#66 = DIRECTION ( 'NONE',  ( -0.2845452878947867248, -0.5572113175547540598, -0.7800958445766570382 ) ) ;
#67 = AXIS2_PLACEMENT_3D ( 'NONE', #1653, #932, #948 ) ;
#68 = ORIENTED_EDGE ( 'NONE', *, *, #1740, .T. ) ;
#69 = EDGE_CURVE ( 'NONE', #960, #1696, #1088, .T. ) ;
#70 = FACE_OUTER_BOUND ( 'NONE', #417, .T. ) ;
#71 = VECTOR ( 'NONE', #975, 1000.000000000000114 ) ;
#72 = ORIENTED_EDGE ( 'NONE', *, *, #512, .F. ) ;
#73 = DIRECTION ( 'NONE',  ( 0.000000000000000000, -0.05233595624294388321, 0.9986295347545739443 ) ) ;
#74 = DIRECTION ( 'NONE',  ( -1.734723475976806108E-16, 0.000000000000000000, 1.000000000000000000 ) ) ;
#75 = VECTOR ( 'NONE', #1228, 1000.000000000000000 ) ;
#76 = CARTESIAN_POINT ( 'NONE',  ( 4.209631117132170530, 14.99999999983492671, 26.00000000000008171 ) ) ;
#77 = ORIENTED_EDGE ( 'NONE', *, *, #716, .F. ) ;
#78 = AXIS2_PLACEMENT_3D ( 'NONE', #1321, #1055, #348 ) ;
#79 = CARTESIAN_POINT ( 'NONE',  ( -3.487707933192664811, 18.76545339290958481, 46.98770793319274475 ) ) ;
#80 = ORIENTED_EDGE ( 'NONE', *, *, #277, .F. ) ;
#81 = FACE_OUTER_BOUND ( 'NONE', #1428, .T. ) ;
#82 = VECTOR ( 'NONE', #1198, 1000.000000000000000 ) ;
#83 = ADVANCED_FACE ( 'NONE', ( #345 ), #1796, .F. ) ;
#84 = CARTESIAN_POINT ( 'NONE',  ( 17.50000000000000000, 21.00000000000000000, 14.00000000000006750 ) ) ;
#85 = CARTESIAN_POINT ( 'NONE',  ( -15.59530693225078579, 2.933505896058449025, 132.9901699774592032 ) ) ;
#86 = FILL_AREA_STYLE ('',( #671 ) ) ;
#87 = CARTESIAN_POINT ( 'NONE',  ( -11.89879090975626319, 0.000000000000000000, -8.510800119886676285 ) ) ;
#88 = ORIENTED_EDGE ( 'NONE', *, *, #1686, .T. ) ;
#89 = ORIENTED_EDGE ( 'NONE', *, *, #1563, .T. ) ;
#90 = DIRECTION ( 'NONE',  ( 0.9986295347545739443, -0.05233595624294388321, -9.239179187960300960E-17 ) ) ;
#91 = EDGE_CURVE ( 'NONE', #1422, #959, #1365, .T. ) ;
#92 = DIRECTION ( 'NONE',  ( -0.05226442768871397693, 0.9972646886342372285, -0.05226442768871396999 ) ) ;
#93 = FACE_OUTER_BOUND ( 'NONE', #1785, .T. ) ;
#94 = DIRECTION ( 'NONE',  ( 0.000000000000000000, -0.000000000000000000, 1.000000000000000000 ) ) ;
#95 = DIRECTION ( 'NONE',  ( -0.9986295347545739443, -0.05233595624294388321, -1.732346097742555105E-16 ) ) ;
#96 = AXIS2_PLACEMENT_3D ( 'NONE', #209, #1628, #898 ) ;
#97 = VERTEX_POINT ( 'NONE', #1805 ) ;
#98 = AXIS2_PLACEMENT_3D ( 'NONE', #1819, #148, #1281 ) ;
#99 = CARTESIAN_POINT ( 'NONE',  ( -17.50000000000000000, 11.57831023005773297, 0.8096343220808707164 ) ) ;
#100 = AXIS2_PLACEMENT_3D ( 'NONE', #197, #166, #1490 ) ;
#101 = ORIENTED_EDGE ( 'NONE', *, *, #130, .T. ) ;
#102 = EDGE_CURVE ( 'NONE', #1615, #193, #1772, .T. ) ;
#103 = DIRECTION ( 'NONE',  ( 0.5863281493267925581, 0.8100736394347234359, 0.000000000000000000 ) ) ;
#104 = DIRECTION ( 'NONE',  ( -0.5817660067243616284, 0.000000000000000000, -0.8133562032836475497 ) ) ;
#105 = PLANE ( 'NONE',  #1261 ) ;
#106 = APPLICATION_PROTOCOL_DEFINITION ( 'draft international standard', 'automotive_design', 1998, #232 ) ;
#107 = LINE ( 'NONE', #1789, #600 ) ;
#108 = EDGE_CURVE ( 'NONE', #573, #998, #1203, .T. ) ;
#109 = EDGE_CURVE ( 'NONE', #865, #1287, #380, .T. ) ;
#110 = VERTEX_POINT ( 'NONE', #793 ) ;
#111 = ORIENTED_EDGE ( 'NONE', *, *, #500, .F. ) ;
#112 = AXIS2_PLACEMENT_3D ( 'NONE', #1775, #328, #1197 ) ;
#113 = PLANE ( 'NONE',  #760 ) ;
#114 = LINE ( 'NONE', #1362, #1512 ) ;
#115 = DIRECTION ( 'NONE',  ( -0.5817660067243609623, 0.000000000000000000, 0.8133562032836478828 ) ) ;
#116 = DIRECTION ( 'NONE',  ( 0.000000000000000000, 0.000000000000000000, 1.000000000000000000 ) ) ;
#117 = EDGE_CURVE ( 'NONE', #1165, #787, #1614, .T. ) ;
#118 = ORIENTED_EDGE ( 'NONE', *, *, #446, .F. ) ;
#119 = ADVANCED_FACE ( 'NONE', ( #1521 ), #1783, .F. ) ;
#120 = CARTESIAN_POINT ( 'NONE',  ( -8.633145545018710010, 13.99999999990131982, 110.9999999999999147 ) ) ;
#121 = ORIENTED_EDGE ( 'NONE', *, *, #423, .T. ) ;
#122 = CARTESIAN_POINT ( 'NONE',  ( -17.50000000000000000, 21.00000000000000000, 130.0000000000000000 ) ) ;
#123 = CARTESIAN_POINT ( 'NONE',  ( -3.999999999999996447, 18.99999999983492671, 71.00000000000008527 ) ) ;
#124 = LINE ( 'NONE', #1533, #1584 ) ;
#125 = DIRECTION ( 'NONE',  ( 0.000000000000000000, -0.9986295347545739443, -0.05233595624294389015 ) ) ;
#126 = VERTEX_POINT ( 'NONE', #941 ) ;
#127 = ORIENTED_EDGE ( 'NONE', *, *, #1033, .F. ) ;
#128 = ADVANCED_FACE ( 'NONE', ( #243 ), #492, .T. ) ;
#129 = CLOSED_SHELL ( 'NONE', ( #846, #1695, #1574, #1460, #502, #291, #1162, #591, #1711, #884, #696, #1174, #1642, #892, #560, #590, #1342, #128, #762, #652, #172, #432, #1384, #954, #1779, #1146, #1522, #425, #1116, #814, #1513, #1245, #1369, #1833, #1754, #320, #1831, #1802, #498, #1814, #119, #266, #168, #1582, #430, #770, #925, #1515, #83, #1283, #413, #676, #426, #1484, #235, #773, #1114, #1371, #626, #1818, #1301, #798 ) ) ;
#130 = EDGE_CURVE ( 'NONE', #718, #836, #1070, .T. ) ;
#131 = DIRECTION ( 'NONE',  ( 0.05227858256393223824, 0.9975347797432078112, -0.04681146235460083294 ) ) ;
#132 = ORIENTED_EDGE ( 'NONE', *, *, #756, .F. ) ;
#133 = CARTESIAN_POINT ( 'NONE',  ( 3.500000000000004885, 18.99999999983492671, 82.00000000000007105 ) ) ;
#134 = AXIS2_PLACEMENT_3D ( 'NONE', #1017, #1193, #622 ) ;
#135 = DIRECTION ( 'NONE',  ( 0.000000000000000000, -0.05233595624294389015, 0.9986295347545739443 ) ) ;
#136 = ORIENTED_EDGE ( 'NONE', *, *, #142, .T. ) ;
#137 = DIRECTION ( 'NONE',  ( 0.5817660067243615174, -0.000000000000000000, 0.8133562032836475497 ) ) ;
#138 = EDGE_LOOP ( 'NONE', ( #1824, #620, #1612, #1629 ) ) ;
#139 = LINE ( 'NONE', #1426, #1391 ) ;
#140 = LINE ( 'NONE', #726, #729 ) ;
#141 = ORIENTED_EDGE ( 'NONE', *, *, #1464, .F. ) ;
#142 = EDGE_CURVE ( 'NONE', #856, #951, #107, .T. ) ;
#143 = CARTESIAN_POINT ( 'NONE',  ( 4.000000000000006217, 14.99999999983492671, 34.79036888286791651 ) ) ;
#144 = EDGE_LOOP ( 'NONE', ( #427, #80, #873, #1619 ) ) ;
#145 = CARTESIAN_POINT ( 'NONE',  ( 12.39518444143392450, 18.99999999995816324, 93.89518444143401155 ) ) ;
#146 = ORIENTED_EDGE ( 'NONE', *, *, #57, .T. ) ;
#147 =( LENGTH_UNIT ( ) NAMED_UNIT ( * ) SI_UNIT ( .MILLI., .METRE. ) );
#148 = DIRECTION ( 'NONE',  ( 0.000000000000000000, -1.000000000000000000, 0.000000000000000000 ) ) ;
#149 = ORIENTED_EDGE ( 'NONE', *, *, #456, .F. ) ;
#150 = CARTESIAN_POINT ( 'NONE',  ( 7.975415866385346497, 18.53090678598423935, 26.02458413361474143 ) ) ;
#151 = ORIENTED_EDGE ( 'NONE', *, *, #902, .F. ) ;
#152 = EDGE_LOOP ( 'NONE', ( #1776, #849, #1367, #1663 ) ) ;
#153 = FACE_BOUND ( 'NONE', #630, .T. ) ;
#154 = LINE ( 'NONE', #1153, #1364 ) ;
#155 = VECTOR ( 'NONE', #687, 1000.000000000000000 ) ;
#156 = DIRECTION ( 'NONE',  ( -0.05226442768871397693, 0.9972646886342372285, -0.05226442768871396999 ) ) ;
#157 = VECTOR ( 'NONE', #1181, 1000.000000000000114 ) ;
#158 = CARTESIAN_POINT ( 'NONE',  ( 5.204170427930421283E-15, 14.99999999983492671, 42.50000000000009237 ) ) ;
#159 = ORIENTED_EDGE ( 'NONE', *, *, #1581, .T. ) ;
#160 = ORIENTED_EDGE ( 'NONE', *, *, #1562, .F. ) ;
#161 = SURFACE_SIDE_STYLE ('',( #1007 ) ) ;
#162 = LINE ( 'NONE', #1132, #551 ) ;
#163 = VERTEX_POINT ( 'NONE', #1219 ) ;
#164 = PLANE ( 'NONE',  #1822 ) ;
#165 = PRESENTATION_LAYER_ASSIGNMENT (  '', '', ( #996 ) ) ;
#166 = DIRECTION ( 'NONE',  ( 0.000000000000000000, -0.05233595624294389015, 0.9986295347545739443 ) ) ;
#167 = VERTEX_POINT ( 'NONE', #510 ) ;
#168 = ADVANCED_FACE ( 'NONE', ( #1079 ), #388, .F. ) ;
#169 = EDGE_CURVE ( 'NONE', #1386, #919, #1286, .T. ) ;
#170 = AXIS2_PLACEMENT_3D ( 'NONE', #323, #877, #41 ) ;
#171 = EDGE_LOOP ( 'NONE', ( #1300, #469, #326, #257 ) ) ;
#172 = ADVANCED_FACE ( 'NONE', ( #680 ), #1259, .F. ) ;
#173 = CARTESIAN_POINT ( 'NONE',  ( 12.50000000000000711, 20.99999999995816324, 94.00000000000008527 ) ) ;
#174 = ORIENTED_EDGE ( 'NONE', *, *, #456, .T. ) ;
#175 = DIRECTION ( 'NONE',  ( -1.000000000000000000, 0.000000000000000000, 0.000000000000000000 ) ) ;
#176 = CARTESIAN_POINT ( 'NONE',  ( -3.999999999999996447, 14.99999999983492671, 36.00000000000009237 ) ) ;
#177 = ORIENTED_EDGE ( 'NONE', *, *, #1256, .T. ) ;
#178 = ORIENTED_EDGE ( 'NONE', *, *, #1429, .F. ) ;
#179 = CARTESIAN_POINT ( 'NONE',  ( 7.790368882867840128, 14.99999999983492671, 26.20963111713224691 ) ) ;
#180 = LINE ( 'NONE', #909, #495 ) ;
#181 = ORIENTED_EDGE ( 'NONE', *, *, #1175, .F. ) ;
#182 = EDGE_CURVE ( 'NONE', #1221, #1192, #1250, .T. ) ;
#183 = VECTOR ( 'NONE', #859, 1000.000000000000000 ) ;
#184 = EDGE_CURVE ( 'NONE', #1156, #1457, #956, .T. ) ;
#185 = CARTESIAN_POINT ( 'NONE',  ( 7.790368882867841904, 14.99999999983492671, 34.79036888286791651 ) ) ;
#186 = AXIS2_PLACEMENT_3D ( 'NONE', #222, #1248, #249 ) ;
#187 = CARTESIAN_POINT ( 'NONE',  ( 11.99451813901828956, 2.209343824971774950, 132.9999999999954525 ) ) ;
#188 = AXIS2_PLACEMENT_3D ( 'NONE', #533, #1105, #964 ) ;
#189 = ORIENTED_EDGE ( 'NONE', *, *, #40, .T. ) ;
#190 = ORIENTED_EDGE ( 'NONE', *, *, #1745, .F. ) ;
#191 = DIRECTION ( 'NONE',  ( 1.000000000000000000, 0.000000000000000000, 0.000000000000000000 ) ) ;
#192 = DIRECTION ( 'NONE',  ( 0.000000000000000000, 0.9986295347545739443, -0.05233595624294388321 ) ) ;
#193 = VERTEX_POINT ( 'NONE', #1117 ) ;
#194 = LINE ( 'NONE', #1497, #370 ) ;
#195 = EDGE_CURVE ( 'NONE', #1708, #960, #1127, .T. ) ;
#196 = DIRECTION ( 'NONE',  ( 0.05233595624294388321, 0.9986295347545739443, 0.000000000000000000 ) ) ;
#197 = CARTESIAN_POINT ( 'NONE',  ( -3.499999999999994227, 18.99999999983492671, 47.00000000000007105 ) ) ;
#198 = ORIENTED_EDGE ( 'NONE', *, *, #623, .T. ) ;
#199 = VECTOR ( 'NONE', #896, 1000.000000000000000 ) ;
#200 = ORIENTED_EDGE ( 'NONE', *, *, #1551, .T. ) ;
#201 = CARTESIAN_POINT ( 'NONE',  ( 0.000000000000000000, 11.57831023005774718, 129.1903656779191465 ) ) ;
#202 = CARTESIAN_POINT ( 'NONE',  ( 12.50000000000000000, 20.99999999995816324, 19.00000000000008527 ) ) ;
#203 = VERTEX_POINT ( 'NONE', #976 ) ;
#204 = CARTESIAN_POINT ( 'NONE',  ( -7.790368882867834799, 14.99999999983492671, 36.00000000000009237 ) ) ;
#205 = CARTESIAN_POINT ( 'NONE',  ( -3.499999999999994227, 18.99999999983492671, 77.50000000000009948 ) ) ;
#206 = DIRECTION ( 'NONE',  ( 0.000000000000000000, 0.000000000000000000, -1.000000000000000000 ) ) ;
#207 = ORIENTED_EDGE ( 'NONE', *, *, #794, .T. ) ;
#208 = LINE ( 'NONE', #201, #435 ) ;
#209 = CARTESIAN_POINT ( 'NONE',  ( 0.000000000000000000, 0.000000000000000000, 130.0000000000000000 ) ) ;
#210 = VERTEX_POINT ( 'NONE', #534 ) ;
#211 = PLANE ( 'NONE',  #493 ) ;
#212 = CARTESIAN_POINT ( 'NONE',  ( 27.63314554501876685, 7.000000000000000000, 130.0000000000000000 ) ) ;
#213 = CARTESIAN_POINT ( 'NONE',  ( 4.209631117132170530, 14.99999999983492671, 61.00000000000008527 ) ) ;
#214 =( LENGTH_UNIT ( ) NAMED_UNIT ( * ) SI_UNIT ( .MILLI., .METRE. ) );
#215 = DIRECTION ( 'NONE',  ( 1.000000000000000000, 0.000000000000000000, 0.000000000000000000 ) ) ;
#216 = VECTOR ( 'NONE', #655, 999.9999999999998863 ) ;
#217 = ORIENTED_EDGE ( 'NONE', *, *, #1035, .T. ) ;
#218 = CARTESIAN_POINT ( 'NONE',  ( 69.19581992708089047, 23.12779554679114824, 55.62498961621606952 ) ) ;
#219 = VECTOR ( 'NONE', #939, 1000.000000000000000 ) ;
#220 = ORIENTED_EDGE ( 'NONE', *, *, #707, .F. ) ;
#221 = CARTESIAN_POINT ( 'NONE',  ( 3.878784249242874793, -0.2081906226256515224, 130.0145581065167448 ) ) ;
#222 = CARTESIAN_POINT ( 'NONE',  ( -3.731590349513893567, 22.96720167046690975, 130.0000000000000000 ) ) ;
#223 = VECTOR ( 'NONE', #1466, 1000.000000000000114 ) ;
#224 = FACE_OUTER_BOUND ( 'NONE', #1441, .T. ) ;
#225 = DIRECTION ( 'NONE',  ( -0.000000000000000000, 1.000000000000000000, 0.000000000000000000 ) ) ;
#226 = CARTESIAN_POINT ( 'NONE',  ( -28.01108384805176854, -0.2114924197017898355, 13.99007526389643097 ) ) ;
#227 = ORIENTED_EDGE ( 'NONE', *, *, #1750, .F. ) ;
#228 = VERTEX_POINT ( 'NONE', #1675 ) ;
#229 = LINE ( 'NONE', #1264, #1420 ) ;
#230 = VECTOR ( 'NONE', #1556, 1000.000000000000000 ) ;
#231 = CARTESIAN_POINT ( 'NONE',  ( 7.790368882867841904, 14.99999999983492671, 35.00000000000008527 ) ) ;
#232 = APPLICATION_CONTEXT ( 'automotive_design' ) ;
#233 = CARTESIAN_POINT ( 'NONE',  ( 8.000000000000005329, 18.99999999983492671, 61.00000000000008527 ) ) ;
#234 = DIRECTION ( 'NONE',  ( -1.000000000000000000, 0.000000000000000000, 0.000000000000000000 ) ) ;
#235 = ADVANCED_FACE ( 'NONE', ( #396 ), #839, .F. ) ;
#236 = VERTEX_POINT ( 'NONE', #1834 ) ;
#237 = VERTEX_POINT ( 'NONE', #553 ) ;
#238 = CARTESIAN_POINT ( 'NONE',  ( 3.889695057442238646, 0.000000000000000000, 132.9999999999954525 ) ) ;
#239 = EDGE_CURVE ( 'NONE', #1192, #422, #966, .T. ) ;
#240 = LINE ( 'NONE', #938, #788 ) ;
#241 = EDGE_CURVE ( 'NONE', #596, #391, #1541, .T. ) ;
#242 = DIRECTION ( 'NONE',  ( -0.05226442768871395611, 0.9972646886342372285, 0.05226442768871396999 ) ) ;
#243 = FACE_OUTER_BOUND ( 'NONE', #971, .T. ) ;
#244 = ORIENTED_EDGE ( 'NONE', *, *, #182, .F. ) ;
#245 = AXIS2_PLACEMENT_3D ( 'NONE', #698, #1668, #1549 ) ;
#246 =( GEOMETRIC_REPRESENTATION_CONTEXT ( 3 ) GLOBAL_UNCERTAINTY_ASSIGNED_CONTEXT ( ( #1056 ) ) GLOBAL_UNIT_ASSIGNED_CONTEXT ( ( #214, #654, #65 ) ) REPRESENTATION_CONTEXT ( 'NONE', 'WORKASPACE' ) );
#247 = ORIENTED_EDGE ( 'NONE', *, *, #1483, .T. ) ;
#248 = CONICAL_SURFACE ( 'NONE', #188, 3.500000000000003109, 0.05235987755982993153 ) ;
#249 = DIRECTION ( 'NONE',  ( 0.6613690321426894947, 0.000000000000000000, 0.7500606664281509461 ) ) ;
#250 = DIRECTION ( 'NONE',  ( 0.000000000000000000, -0.05233595624294388321, -0.9986295347545739443 ) ) ;
#251 = EDGE_CURVE ( 'NONE', #422, #228, #1401, .T. ) ;
#252 = EDGE_CURVE ( 'NONE', #1292, #236, #1147, .T. ) ;
#253 = CARTESIAN_POINT ( 'NONE',  ( 12.50000000000000000, 20.99999999995816324, 19.00000000000008527 ) ) ;
#254 = ORIENTED_EDGE ( 'NONE', *, *, #753, .F. ) ;
#255 = CARTESIAN_POINT ( 'NONE',  ( -12.39518444143391740, 18.99999999995816324, 19.10481555856616964 ) ) ;
#256 = DIRECTION ( 'NONE',  ( 0.000000000000000000, 0.000000000000000000, -1.000000000000000000 ) ) ;
#257 = ORIENTED_EDGE ( 'NONE', *, *, #813, .F. ) ;
#258 = VECTOR ( 'NONE', #191, 1000.000000000000000 ) ;
#259 = CARTESIAN_POINT ( 'NONE',  ( -27.63314554501875975, 7.000000000000000000, 130.0000000000000000 ) ) ;
#260 = LINE ( 'NONE', #385, #75 ) ;
#261 = VECTOR ( 'NONE', #26, 1000.000000000000000 ) ;
#262 = FACE_OUTER_BOUND ( 'NONE', #1212, .T. ) ;
#263 = CARTESIAN_POINT ( 'NONE',  ( -73.41257966550229241, 0.000000000000000000, 52.50951937528792257 ) ) ;
#264 = EDGE_CURVE ( 'NONE', #1001, #1535, #872, .T. ) ;
#265 = VERTEX_POINT ( 'NONE', #437 ) ;
#266 = ADVANCED_FACE ( 'NONE', ( #1003 ), #1438, .T. ) ;
#267 = CARTESIAN_POINT ( 'NONE',  ( -4.027315704016285913, 18.47878531777860545, 61.02731570401638095 ) ) ;
#268 = EDGE_LOOP ( 'NONE', ( #1570, #494, #657, #1725 ) ) ;
#269 = LINE ( 'NONE', #392, #49 ) ;
#270 = PLANE ( 'NONE',  #1455 ) ;
#271 = FACE_OUTER_BOUND ( 'NONE', #1603, .T. ) ;
#272 = DIRECTION ( 'NONE',  ( -0.9986295347545738332, -0.05233595624294459098, 0.000000000000000000 ) ) ;
#273 = AXIS2_PLACEMENT_3D ( 'NONE', #545, #1679, #1 ) ;
#274 = ORIENTED_EDGE ( 'NONE', *, *, #511, .T. ) ;
#275 = LINE ( 'NONE', #120, #984 ) ;
#276 = VERTEX_POINT ( 'NONE', #1583 ) ;
#277 = EDGE_CURVE ( 'NONE', #856, #787, #1176, .T. ) ;
#278 = CARTESIAN_POINT ( 'NONE',  ( 8.950831732770678784, 20.06181357219994510, 110.9508317327705953 ) ) ;
#279 = AXIS2_PLACEMENT_3D ( 'NONE', #1723, #28, #467 ) ;
#280 = LINE ( 'NONE', #581, #1835 ) ;
#281 = AXIS2_PLACEMENT_3D ( 'NONE', #780, #1052, #1352 ) ;
#282 = CARTESIAN_POINT ( 'NONE',  ( -9.000000000000000000, 21.00000000000000000, 111.0000000000050875 ) ) ;
#283 = ORIENTED_EDGE ( 'NONE', *, *, #1160, .F. ) ;
#284 = CARTESIAN_POINT ( 'NONE',  ( -7.989073718393482793, 18.79151412701239821, 61.01092628160660780 ) ) ;
#285 = ORIENTED_EDGE ( 'NONE', *, *, #1033, .T. ) ;
#286 = DIRECTION ( 'NONE',  ( 0.03584626078753560402, 0.9969229320776723524, 0.06971164239356852921 ) ) ;
#287 = DIRECTION ( 'NONE',  ( 1.000000000000000000, 0.000000000000000000, 0.000000000000000000 ) ) ;
#288 = EDGE_LOOP ( 'NONE', ( #1768, #311, #398, #146 ) ) ;
#289 = VECTOR ( 'NONE', #1546, 1000.000000000000000 ) ;
#290 = DIRECTION ( 'NONE',  ( 0.000000000000000000, -0.05233595624294388321, -0.9986295347545739443 ) ) ;
#291 = ADVANCED_FACE ( 'NONE', ( #1327 ), #491, .F. ) ;
#292 = ORIENTED_EDGE ( 'NONE', *, *, #423, .F. ) ;
#293 = EDGE_CURVE ( 'NONE', #479, #1177, #1042, .T. ) ;
#294 = VERTEX_POINT ( 'NONE', #1782 ) ;
#295 = CARTESIAN_POINT ( 'NONE',  ( 9.000000000000000000, 20.99999999990131982, 110.9999999999999147 ) ) ;
#296 = ORIENTED_EDGE ( 'NONE', *, *, #1160, .T. ) ;
#297 = CARTESIAN_POINT ( 'NONE',  ( 0.000000000000000000, 0.000000000000000000, 0.000000000000000000 ) ) ;
#298 = EDGE_CURVE ( 'NONE', #110, #1559, #55, .T. ) ;
#299 = ORIENTED_EDGE ( 'NONE', *, *, #1298, .T. ) ;
#300 = ORIENTED_EDGE ( 'NONE', *, *, #1429, .T. ) ;
#301 = FILL_AREA_STYLE_COLOUR ( '', #1567 ) ;
#302 = LINE ( 'NONE', #848, #1778 ) ;
#303 = ORIENTED_EDGE ( 'NONE', *, *, #1697, .F. ) ;
#304 = VECTOR ( 'NONE', #772, 1000.000000000000000 ) ;
#305 = CARTESIAN_POINT ( 'NONE',  ( 57.73850919624251787, -34.59370742723820058, 78.58122164949308797 ) ) ;
#306 = EDGE_CURVE ( 'NONE', #568, #718, #1489, .T. ) ;
#307 = VECTOR ( 'NONE', #1729, 1000.000000000000000 ) ;
#308 = EDGE_CURVE ( 'NONE', #1071, #683, #1499, .T. ) ;
#309 = CARTESIAN_POINT ( 'NONE',  ( 12.11030494255776091, 0.000000000000000000, 132.9999999999954525 ) ) ;
#310 = VERTEX_POINT ( 'NONE', #751 ) ;
#311 = ORIENTED_EDGE ( 'NONE', *, *, #1018, .T. ) ;
#312 = AXIS2_PLACEMENT_3D ( 'NONE', #1341, #43, #612 ) ;
#313 = CARTESIAN_POINT ( 'NONE',  ( -27.63314554501875975, 7.000000000000000000, 130.0000000000000000 ) ) ;
#314 = EDGE_LOOP ( 'NONE', ( #1090, #674, #1764, #177 ) ) ;
#315 = CARTESIAN_POINT ( 'NONE',  ( -27.63314554501876330, 6.999999999999994671, 14.32849003677508826 ) ) ;
#316 = VECTOR ( 'NONE', #548, 1000.000000000000114 ) ;
#317 = DIRECTION ( 'NONE',  ( 0.05233595624294388321, 0.9986295347545739443, 0.000000000000000000 ) ) ;
#318 = VECTOR ( 'NONE', #1463, 1000.000000000000227 ) ;
#319 = EDGE_CURVE ( 'NONE', #203, #1588, #613, .T. ) ;
#320 = ADVANCED_FACE ( 'NONE', ( #1640 ), #359, .F. ) ;
#321 = ORIENTED_EDGE ( 'NONE', *, *, #1423, .T. ) ;
#322 = DIRECTION ( 'NONE',  ( -1.927470528863118062E-16, 0.000000000000000000, -1.000000000000000000 ) ) ;
#323 = CARTESIAN_POINT ( 'NONE',  ( 4.000000000000005329, 18.99999999983492671, 26.00000000000008171 ) ) ;
#324 = ORIENTED_EDGE ( 'NONE', *, *, #828, .F. ) ;
#325 = DIRECTION ( 'NONE',  ( -0.000000000000000000, -0.000000000000000000, -1.000000000000000000 ) ) ;
#326 = ORIENTED_EDGE ( 'NONE', *, *, #1358, .F. ) ;
#327 = ORIENTED_EDGE ( 'NONE', *, *, #1767, .T. ) ;
#328 = DIRECTION ( 'NONE',  ( -0.9986295347545739443, -0.05233595624294388321, 9.624144987458640979E-17 ) ) ;
#329 = PLANE ( 'NONE',  #96 ) ;
#330 = ORIENTED_EDGE ( 'NONE', *, *, #744, .T. ) ;
#331 = VECTOR ( 'NONE', #1305, 1000.000000000000114 ) ;
#332 = LINE ( 'NONE', #221, #1790 ) ;
#333 = LINE ( 'NONE', #1173, #1267 ) ;
#334 = AXIS2_PLACEMENT_3D ( 'NONE', #176, #225, #94 ) ;
#335 = LINE ( 'NONE', #1634, #1616 ) ;
#336 = VECTOR ( 'NONE', #827, 1000.000000000000114 ) ;
#337 = PLANE ( 'NONE',  #100 ) ;
#338 = ORIENTED_EDGE ( 'NONE', *, *, #184, .T. ) ;
#339 = CARTESIAN_POINT ( 'NONE',  ( 8.633145545018710010, 13.99999999990131982, 110.9999999999999147 ) ) ;
#340 = CARTESIAN_POINT ( 'NONE',  ( 8.000000000006465939, 18.99999999995816324, 35.00000000000008527 ) ) ;
#341 = ORIENTED_EDGE ( 'NONE', *, *, #1464, .T. ) ;
#342 = DIRECTION ( 'NONE',  ( 1.000000000000000000, 0.000000000000000000, 0.000000000000000000 ) ) ;
#343 = CARTESIAN_POINT ( 'NONE',  ( -19.90695322555964708, 17.67454246974673637, 4.809697836952920191 ) ) ;
#344 = CARTESIAN_POINT ( 'NONE',  ( 9.000000000000000000, 20.99999999990131982, 110.9999999999999147 ) ) ;
#345 = FACE_OUTER_BOUND ( 'NONE', #1773, .T. ) ;
#346 = VECTOR ( 'NONE', #668, 1000.000000000000000 ) ;
#347 = VERTEX_POINT ( 'NONE', #1316 ) ;
#348 = DIRECTION ( 'NONE',  ( 0.5817660067243612954, 0.000000000000000000, 0.8133562032836476607 ) ) ;
#349 = CARTESIAN_POINT ( 'NONE',  ( 22.98330947632086563, -3.631061087911218621, 130.0000000000000000 ) ) ;
#350 = EDGE_LOOP ( 'NONE', ( #1032, #132, #616, #1415 ) ) ;
#351 = CARTESIAN_POINT ( 'NONE',  ( 3.480879007188603325, 18.63514972239550360, 81.98087900718867616 ) ) ;
#352 = LINE ( 'NONE', #921, #1178 ) ;
#353 = LINE ( 'NONE', #1353, #569 ) ;
#354 = ORIENTED_EDGE ( 'NONE', *, *, #130, .F. ) ;
#355 = PLANE ( 'NONE',  #819 ) ;
#356 = ORIENTED_EDGE ( 'NONE', *, *, #1145, .T. ) ;
#357 = DIRECTION ( 'NONE',  ( -1.734723475976805615E-16, 0.000000000000000000, -1.000000000000000000 ) ) ;
#358 = EDGE_CURVE ( 'NONE', #236, #565, #1751, .T. ) ;
#359 = PLANE ( 'NONE',  #1382 ) ;
#360 = PRODUCT_CONTEXT ( 'NONE', #682, 'mechanical' ) ;
#361 = DIRECTION ( 'NONE',  ( 0.05233595624294388321, -0.9986295347545739443, 0.000000000000000000 ) ) ;
#362 = PRODUCT_DEFINITION_FORMATION_WITH_SPECIFIED_SOURCE ( 'ANY', '', #1125, .NOT_KNOWN. ) ;
#363 = VECTOR ( 'NONE', #1343, 1000.000000000000000 ) ;
#364 = ORIENTED_EDGE ( 'NONE', *, *, #650, .F. ) ;
#365 = VECTOR ( 'NONE', #632, 1000.000000000000114 ) ;
#366 = ORIENTED_EDGE ( 'NONE', *, *, #784, .F. ) ;
#367 = DIRECTION ( 'NONE',  ( 0.03584626078753561096, -0.9969229320776722414, -0.06971164239356852921 ) ) ;
#368 = DIRECTION ( 'NONE',  ( -0.05226442768871396999, 0.9972646886342372285, 0.05226442768871396999 ) ) ;
#369 = EDGE_CURVE ( 'NONE', #1192, #1718, #1201, .T. ) ;
#370 = VECTOR ( 'NONE', #1334, 1000.000000000000000 ) ;
#371 = CARTESIAN_POINT ( 'NONE',  ( -14.17201021206131983, 9.338163154032130819, 129.3470120212301708 ) ) ;
#372 = LINE ( 'NONE', #1232, #688 ) ;
#373 = VECTOR ( 'NONE', #943, 1000.000000000000000 ) ;
#374 = ORIENTED_EDGE ( 'NONE', *, *, #1234, .F. ) ;
#375 = EDGE_CURVE ( 'NONE', #228, #1784, #913, .T. ) ;
#376 = ORIENTED_EDGE ( 'NONE', *, *, #1589, .T. ) ;
#377 = CARTESIAN_POINT ( 'NONE',  ( -12.68872401980572739, 11.57831023005773297, 0.8096343220808689400 ) ) ;
#378 = DIRECTION ( 'NONE',  ( 1.000000000000000000, 0.000000000000000000, 0.000000000000000000 ) ) ;
#379 = LINE ( 'NONE', #670, #71 ) ;
#380 = LINE ( 'NONE', #520, #840 ) ;
#381 = EDGE_LOOP ( 'NONE', ( #1080, #717, #625, #599 ) ) ;
#382 = VERTEX_POINT ( 'NONE', #64 ) ;
#383 = PLANE ( 'NONE',  #879 ) ;
#384 = EDGE_CURVE ( 'NONE', #1263, #605, #335, .T. ) ;
#385 = CARTESIAN_POINT ( 'NONE',  ( 4.005481860981711328, 2.209343824971774950, 132.9999999999954525 ) ) ;
#386 = DIRECTION ( 'NONE',  ( 0.000000000000000000, 0.06975647374412546897, 0.9975640502598243087 ) ) ;
#387 = APPLICATION_PROTOCOL_DEFINITION ( 'draft international standard', 'automotive_design', 1998, #682 ) ;
#388 = PLANE ( 'NONE',  #245 ) ;
#389 = EDGE_LOOP ( 'NONE', ( #1308, #283, #1244, #724 ) ) ;
#390 = CARTESIAN_POINT ( 'NONE',  ( -9.000000000000000000, 13.99999999990131982, 103.3668544549812083 ) ) ;
#391 = VERTEX_POINT ( 'NONE', #905 ) ;
#392 = CARTESIAN_POINT ( 'NONE',  ( -3.999999999999996447, 14.99999999983492671, 35.79036888286793072 ) ) ;
#393 = CARTESIAN_POINT ( 'NONE',  ( -7.999999999999998224, 18.99999999983492671, 26.00000000000008527 ) ) ;
#394 = EDGE_CURVE ( 'NONE', #382, #1676, #634, .T. ) ;
#395 = DIRECTION ( 'NONE',  ( 0.05233595624294388321, 0.9986295347545739443, 0.000000000000000000 ) ) ;
#396 = FACE_OUTER_BOUND ( 'NONE', #803, .T. ) ;
#397 = VECTOR ( 'NONE', #1028, 1000.000000000000114 ) ;
#398 = ORIENTED_EDGE ( 'NONE', *, *, #1488, .F. ) ;
#399 = DIRECTION ( 'NONE',  ( -0.000000000000000000, -0.000000000000000000, -1.000000000000000000 ) ) ;
#400 = ORIENTED_EDGE ( 'NONE', *, *, #239, .F. ) ;
#401 = VECTOR ( 'NONE', #103, 1000.000000000000114 ) ;
#402 = CARTESIAN_POINT ( 'NONE',  ( -17.50000000000000000, 21.00000000000000355, 115.9999999999999432 ) ) ;
#403 = CARTESIAN_POINT ( 'NONE',  ( -17.50000000000000355, 21.00000000000000000, 14.00000000000006750 ) ) ;
#404 = VECTOR ( 'NONE', #992, 1000.000000000000000 ) ;
#405 = LINE ( 'NONE', #85, #219 ) ;
#406 = DIRECTION ( 'NONE',  ( -1.000000000000000000, 0.000000000000000000, 0.000000000000000000 ) ) ;
#407 = ORIENTED_EDGE ( 'NONE', *, *, #1633, .T. ) ;
#408 = DIRECTION ( 'NONE',  ( 1.000000000000000000, 0.000000000000000000, 0.000000000000000000 ) ) ;
#409 = ORIENTED_EDGE ( 'NONE', *, *, #1755, .F. ) ;
#410 = LINE ( 'NONE', #1158, #1149 ) ;
#411 = CARTESIAN_POINT ( 'NONE',  ( -17.98627654002076071, 0.000000000000000000, 0.000000000000000000 ) ) ;
#412 = DIRECTION ( 'NONE',  ( 0.000000000000000000, -0.8137334712067354481, 0.5812381937190957970 ) ) ;
#413 = ADVANCED_FACE ( 'NONE', ( #1602 ), #624, .F. ) ;
#414 = VECTOR ( 'NONE', #489, 1000.000000000000114 ) ;
#415 = EDGE_LOOP ( 'NONE', ( #274, #1036, #1836, #1014 ) ) ;
#416 = CARTESIAN_POINT ( 'NONE',  ( 3.290368882867839684, 14.99999999983492671, 77.50000000000009948 ) ) ;
#417 = EDGE_LOOP ( 'NONE', ( #149, #1081, #364, #429, #1235 ) ) ;
#418 = VECTOR ( 'NONE', #1217, 1000.000000000000114 ) ;
#419 = FACE_OUTER_BOUND ( 'NONE', #1359, .T. ) ;
#420 = CARTESIAN_POINT ( 'NONE',  ( -12.39518444143390319, 18.99999999995816324, 93.89518444143401155 ) ) ;
#421 = AXIS2_PLACEMENT_3D ( 'NONE', #158, #1296, #448 ) ;
#422 = VERTEX_POINT ( 'NONE', #1651 ) ;
#423 = EDGE_CURVE ( 'NONE', #1287, #1196, #1803, .T. ) ;
#424 = FACE_OUTER_BOUND ( 'NONE', #1402, .T. ) ;
#425 = ADVANCED_FACE ( 'NONE', ( #93 ), #817, .F. ) ;
#426 = ADVANCED_FACE ( 'NONE', ( #1540 ), #248, .F. ) ;
#427 = ORIENTED_EDGE ( 'NONE', *, *, #117, .T. ) ;
#428 = CARTESIAN_POINT ( 'NONE',  ( 11.89879090975627207, 0.000000000000000000, -8.510800119886678061 ) ) ;
#429 = ORIENTED_EDGE ( 'NONE', *, *, #1613, .T. ) ;
#430 = ADVANCED_FACE ( 'NONE', ( #224 ), #1666, .F. ) ;
#431 = DIRECTION ( 'NONE',  ( 0.000000000000000000, -1.000000000000000000, 0.000000000000000000 ) ) ;
#432 = ADVANCED_FACE ( 'NONE', ( #262 ), #1527, .T. ) ;
#433 = DIRECTION ( 'NONE',  ( 1.000000000000000000, -0.000000000000000000, -0.000000000000000000 ) ) ;
#434 = ORIENTED_EDGE ( 'NONE', *, *, #977, .T. ) ;
#435 = VECTOR ( 'NONE', #916, 1000.000000000000000 ) ;
#436 = DIRECTION ( 'NONE',  ( -0.6591840345502908427, -0.4771148402179123948, 0.5812381937190956860 ) ) ;
#437 = CARTESIAN_POINT ( 'NONE',  ( -8.000000000000000000, 18.99999999983492671, 71.00000000000008527 ) ) ;
#438 = ORIENTED_EDGE ( 'NONE', *, *, #241, .F. ) ;
#439 = CARTESIAN_POINT ( 'NONE',  ( -9.000000000000000000, 20.99999999990131982, 110.9999999999999147 ) ) ;
#440 = ORIENTED_EDGE ( 'NONE', *, *, #31, .T. ) ;
#441 = CARTESIAN_POINT ( 'NONE',  ( -3.999999999993537170, 18.99999999995816324, 71.00000000000008527 ) ) ;
#442 = EDGE_CURVE ( 'NONE', #1696, #1623, #791, .T. ) ;
#443 = CARTESIAN_POINT ( 'NONE',  ( 12.50000000000000711, 20.99999999995816324, 94.00000000000008527 ) ) ;
#444 = ORIENTED_EDGE ( 'NONE', *, *, #1214, .F. ) ;
#445 = EDGE_CURVE ( 'NONE', #575, #210, #1787, .T. ) ;
#446 = EDGE_CURVE ( 'NONE', #998, #862, #1258, .T. ) ;
#447 = CARTESIAN_POINT ( 'NONE',  ( 8.000000000006465939, 18.99999999995816324, 70.00000000000008527 ) ) ;
#448 = DIRECTION ( 'NONE',  ( 0.000000000000000000, -0.000000000000000000, 1.000000000000000000 ) ) ;
#449 = LINE ( 'NONE', #309, #901 ) ;
#450 = EDGE_LOOP ( 'NONE', ( #993, #1600, #1792, #990 ) ) ;
#451 = ORIENTED_EDGE ( 'NONE', *, *, #1423, .F. ) ;
#452 = CARTESIAN_POINT ( 'NONE',  ( 4.024584133614665937, 18.53090678598423935, 69.97541586638543265 ) ) ;
#453 = CARTESIAN_POINT ( 'NONE',  ( 5.204170427930421283E-15, 14.99999999983492671, 81.79036888286790941 ) ) ;
#454 =( GEOMETRIC_REPRESENTATION_CONTEXT ( 3 ) GLOBAL_UNCERTAINTY_ASSIGNED_CONTEXT ( ( #1322 ) ) GLOBAL_UNIT_ASSIGNED_CONTEXT ( ( #1078, #1509, #1788 ) ) REPRESENTATION_CONTEXT ( 'NONE', 'WORKASPACE' ) );
#455 = PLANE ( 'NONE',  #1650 ) ;
#456 = EDGE_CURVE ( 'NONE', #1573, #1813, #826, .T. ) ;
#457 = EDGE_CURVE ( 'NONE', #276, #167, #1096, .T. ) ;
#458 = AXIS2_PLACEMENT_3D ( 'NONE', #1811, #806, #395 ) ;
#459 = PLANE ( 'NONE',  #1137 ) ;
#460 = ORIENTED_EDGE ( 'NONE', *, *, #1706, .T. ) ;
#461 = CARTESIAN_POINT ( 'NONE',  ( 4.000000000000006217, 14.99999999983492671, 69.79036888286792362 ) ) ;
#462 = VECTOR ( 'NONE', #1487, 1000.000000000000000 ) ;
#463 = FACE_OUTER_BOUND ( 'NONE', #18, .T. ) ;
#464 = ORIENTED_EDGE ( 'NONE', *, *, #1750, .T. ) ;
#465 = CARTESIAN_POINT ( 'NONE',  ( 12.50000000000000711, 18.99999999995816324, 93.89518444143401155 ) ) ;
#466 = DIRECTION ( 'NONE',  ( -0.4752916965851551878, -0.6566651710103170725, 0.5855669529090552494 ) ) ;
#467 = DIRECTION ( 'NONE',  ( 0.05233595624294388321, -0.9986295347545739443, 0.000000000000000000 ) ) ;
#468 = ORIENTED_EDGE ( 'NONE', *, *, #308, .F. ) ;
#469 = ORIENTED_EDGE ( 'NONE', *, *, #358, .F. ) ;
#470 = CARTESIAN_POINT ( 'NONE',  ( -27.63314554501875975, 7.000000000000000000, 115.6715099632248780 ) ) ;
#471 = CARTESIAN_POINT ( 'NONE',  ( 7.790368882867841904, 14.99999999983492671, 69.79036888286792362 ) ) ;
#472 = ORIENTED_EDGE ( 'NONE', *, *, #1502, .F. ) ;
#473 = FACE_OUTER_BOUND ( 'NONE', #1319, .T. ) ;
#474 = FACE_OUTER_BOUND ( 'NONE', #1339, .T. ) ;
#475 = DIRECTION ( 'NONE',  ( -1.734723475976805615E-16, 0.000000000000000000, 1.000000000000000000 ) ) ;
#476 = ORIENTED_EDGE ( 'NONE', *, *, #109, .F. ) ;
#477 = DIRECTION ( 'NONE',  ( 1.000000000000000000, 0.000000000000000000, 0.000000000000000000 ) ) ;
#478 = FACE_OUTER_BOUND ( 'NONE', #1529, .T. ) ;
#479 = VERTEX_POINT ( 'NONE', #1821 ) ;
#480 = LINE ( 'NONE', #1050, #1678 ) ;
#481 = AXIS2_PLACEMENT_3D ( 'NONE', #1269, #542, #116 ) ;
#482 = DIRECTION ( 'NONE',  ( 0.000000000000000000, 0.000000000000000000, 1.000000000000000000 ) ) ;
#483 = ORIENTED_EDGE ( 'NONE', *, *, #723, .T. ) ;
#484 = EDGE_LOOP ( 'NONE', ( #1469, #675, #1645, #1345 ) ) ;
#485 = DIRECTION ( 'NONE',  ( 0.5863281493267928912, -0.8100736394347233249, 0.000000000000000000 ) ) ;
#486 = CARTESIAN_POINT ( 'NONE',  ( -7.999999999999998224, 18.99999999983492671, 61.00000000000009237 ) ) ;
#487 = DIRECTION ( 'NONE',  ( 0.6613690321426897167, 0.000000000000000000, -0.7500606664281508351 ) ) ;
#488 = ORIENTED_EDGE ( 'NONE', *, *, #1256, .F. ) ;
#489 = DIRECTION ( 'NONE',  ( -0.05226442768871395611, 0.9972646886342372285, -0.05226442768871396999 ) ) ;
#490 = LINE ( 'NONE', #212, #462 ) ;
#491 = PLANE ( 'NONE',  #1230 ) ;
#492 = PLANE ( 'NONE',  #1408 ) ;
#493 = AXIS2_PLACEMENT_3D ( 'NONE', #1349, #73, #1207 ) ;
#494 = ORIENTED_EDGE ( 'NONE', *, *, #5, .F. ) ;
#495 = VECTOR ( 'NONE', #918, 1000.000000000000114 ) ;
#496 = CARTESIAN_POINT ( 'NONE',  ( -27.36651747436946280, 7.368374555808596682, 115.9999999999999432 ) ) ;
#497 = ORIENTED_EDGE ( 'NONE', *, *, #963, .F. ) ;
#498 = ADVANCED_FACE ( 'NONE', ( #1400 ), #1249, .F. ) ;
#499 = DIRECTION ( 'NONE',  ( 0.6591840345502909537, -0.4771148402179119508, 0.5812381937190957970 ) ) ;
#500 = EDGE_CURVE ( 'NONE', #737, #1156, #124, .T. ) ;
#501 = CARTESIAN_POINT ( 'NONE',  ( -3.290368882867829470, 14.99999999983492671, 77.50000000000009948 ) ) ;
#502 = ADVANCED_FACE ( 'NONE', ( #1086 ), #1363, .F. ) ;
#503 = CARTESIAN_POINT ( 'NONE',  ( -7.999999999999998224, 18.99999999983492671, 26.00000000000008527 ) ) ;
#504 = DIRECTION ( 'NONE',  ( -0.5817660067243618505, 0.000000000000000000, 0.8133562032836473277 ) ) ;
#505 = EDGE_LOOP ( 'NONE', ( #1669, #1797, #89, #1107 ) ) ;
#506 = ORIENTED_EDGE ( 'NONE', *, *, #830, .F. ) ;
#507 = DIRECTION ( 'NONE',  ( 0.05226442768871397693, 0.9972646886342372285, 0.05226442768871396999 ) ) ;
#508 = AXIS2_PLACEMENT_3D ( 'NONE', #1403, #1690, #1826 ) ;
#509 = CARTESIAN_POINT ( 'NONE',  ( 4.000000000000006217, 18.99999999983492671, 35.00000000000008527 ) ) ;
#510 = CARTESIAN_POINT ( 'NONE',  ( -17.85024913807341918, 3.783067840632317491, 129.7354621265385504 ) ) ;
#511 = EDGE_CURVE ( 'NONE', #1606, #167, #405, .T. ) ;
#512 = EDGE_CURVE ( 'NONE', #844, #265, #379, .T. ) ;
#513 = VECTOR ( 'NONE', #115, 1000.000000000000000 ) ;
#514 = ORIENTED_EDGE ( 'NONE', *, *, #1632, .F. ) ;
#515 = ORIENTED_EDGE ( 'NONE', *, *, #723, .F. ) ;
#516 = DIRECTION ( 'NONE',  ( 0.9986295347545739443, -0.05233595624294388321, 0.000000000000000000 ) ) ;
#517 = FACE_OUTER_BOUND ( 'NONE', #415, .T. ) ;
#518 = EDGE_CURVE ( 'NONE', #2, #1425, #1659, .T. ) ;
#519 = DIRECTION ( 'NONE',  ( 0.05226442768871397693, 0.9972646886342372285, 0.05226442768871396999 ) ) ;
#520 = CARTESIAN_POINT ( 'NONE',  ( 17.50000000000000000, 21.00000000000000000, 14.00000000000006750 ) ) ;
#521 = VECTOR ( 'NONE', #1671, 1000.000000000000000 ) ;
#522 = EDGE_LOOP ( 'NONE', ( #9, #841, #1110, #483 ) ) ;
#523 = LINE ( 'NONE', #1222, #373 ) ;
#524 = ORIENTED_EDGE ( 'NONE', *, *, #965, .T. ) ;
#525 = DIRECTION ( 'NONE',  ( 0.5817660067243618505, 0.000000000000000000, -0.8133562032836473277 ) ) ;
#526 = PRODUCT_RELATED_PRODUCT_CATEGORY ( 'part', '', ( #1125 ) ) ;
#527 = CARTESIAN_POINT ( 'NONE',  ( -8.000000000000000000, 18.99999999983492671, 36.00000000000009237 ) ) ;
#528 = CARTESIAN_POINT ( 'NONE',  ( 27.63314554501876330, 7.000000000000003553, 115.6715099632249490 ) ) ;
#529 = ORIENTED_EDGE ( 'NONE', *, *, #319, .T. ) ;
#530 = ORIENTED_EDGE ( 'NONE', *, *, #457, .T. ) ;
#531 = CARTESIAN_POINT ( 'NONE',  ( 11.99451813901828956, 2.209343824971774950, 132.8455076298281199 ) ) ;
#532 = LINE ( 'NONE', #123, #1418 ) ;
#533 = CARTESIAN_POINT ( 'NONE',  ( 5.204170427930421283E-15, 18.99999999983492671, 77.50000000000009948 ) ) ;
#534 = CARTESIAN_POINT ( 'NONE',  ( -4.209631117132163425, 14.99999999983492671, 26.20963111713225047 ) ) ;
#535 = ORIENTED_EDGE ( 'NONE', *, *, #1630, .F. ) ;
#536 = FACE_OUTER_BOUND ( 'NONE', #314, .T. ) ;
#537 = ORIENTED_EDGE ( 'NONE', *, *, #1620, .F. ) ;
#538 = LINE ( 'NONE', #973, #289 ) ;
#539 = VECTOR ( 'NONE', #74, 1000.000000000000000 ) ;
#540 = DIRECTION ( 'NONE',  ( -1.927470528863118309E-16, 0.000000000000000000, -1.000000000000000000 ) ) ;
#541 = CARTESIAN_POINT ( 'NONE',  ( -27.63314554501875975, 7.000000000000000000, 130.0000000000000000 ) ) ;
#542 = DIRECTION ( 'NONE',  ( 0.000000000000000000, 1.000000000000000000, 0.000000000000000000 ) ) ;
#543 = AXIS2_PLACEMENT_3D ( 'NONE', #1061, #1631, #1608 ) ;
#544 = ORIENTED_EDGE ( 'NONE', *, *, #252, .T. ) ;
#545 = CARTESIAN_POINT ( 'NONE',  ( 4.000000000000006217, 14.99999999983492671, 35.00000000000008527 ) ) ;
#546 = ORIENTED_EDGE ( 'NONE', *, *, #169, .T. ) ;
#547 = VECTOR ( 'NONE', #785, 1000.000000000000227 ) ;
#548 = DIRECTION ( 'NONE',  ( 0.05227858256393124597, -0.9975347797432077002, 0.04681146235460219990 ) ) ;
#549 = LINE ( 'NONE', #1720, #745 ) ;
#550 = ORIENTED_EDGE ( 'NONE', *, *, #756, .T. ) ;
#551 = VECTOR ( 'NONE', #1417, 1000.000000000000000 ) ;
#552 = DIRECTION ( 'NONE',  ( -0.2845452878947867248, -0.5572113175547536157, 0.7800958445766573712 ) ) ;
#553 = CARTESIAN_POINT ( 'NONE',  ( 3.889695057442238646, 0.000000000000000000, 132.9999999999954525 ) ) ;
#554 = CARTESIAN_POINT ( 'NONE',  ( -9.000000000000000000, 20.99999999990131982, 102.9999999999999289 ) ) ;
#555 = ORIENTED_EDGE ( 'NONE', *, *, #384, .F. ) ;
#556 = FACE_OUTER_BOUND ( 'NONE', #1154, .T. ) ;
#557 = ORIENTED_EDGE ( 'NONE', *, *, #1069, .T. ) ;
#558 = SURFACE_STYLE_USAGE ( .BOTH. , #161 ) ;
#559 = DIRECTION ( 'NONE',  ( -0.5511472721469720115, 0.8323754084719456880, -0.05820535865462057173 ) ) ;
#560 = ADVANCED_FACE ( 'NONE', ( #1383 ), #105, .F. ) ;
#561 = ADVANCED_BREP_SHAPE_REPRESENTATION ( 'Shelling&Ribs', ( #1550, #931 ), #454 ) ;
#562 = CARTESIAN_POINT ( 'NONE',  ( 4.383977818328640197, 9.431476922861154577, 129.3404868868655626 ) ) ;
#563 = EDGE_CURVE ( 'NONE', #382, #1615, #1409, .T. ) ;
#564 = VECTOR ( 'NONE', #137, 1000.000000000000227 ) ;
#565 = VERTEX_POINT ( 'NONE', #282 ) ;
#566 = EDGE_CURVE ( 'NONE', #862, #294, #714, .T. ) ;
#567 = DIRECTION ( 'NONE',  ( 0.000000000000000000, -0.05233595624294388321, -0.9986295347545739443 ) ) ;
#568 = VERTEX_POINT ( 'NONE', #1694 ) ;
#569 = VECTOR ( 'NONE', #234, 1000.000000000000000 ) ;
#570 = FACE_BOUND ( 'NONE', #48, .T. ) ;
#571 = CARTESIAN_POINT ( 'NONE',  ( -28.00000000000000000, 0.000000000000000000, 130.0000000000000000 ) ) ;
#572 = VECTOR ( 'NONE', #818, 1000.000000000000114 ) ;
#573 = VERTEX_POINT ( 'NONE', #728 ) ;
#574 = DIRECTION ( 'NONE',  ( 0.05233595624294459098, 0.9986295347545738332, 0.000000000000000000 ) ) ;
#575 = VERTEX_POINT ( 'NONE', #850 ) ;
#576 = LINE ( 'NONE', #1150, #1554 ) ;
#577 = ORIENTED_EDGE ( 'NONE', *, *, #1551, .F. ) ;
#578 = EDGE_CURVE ( 'NONE', #1696, #737, #1722, .T. ) ;
#579 = EDGE_CURVE ( 'NONE', #203, #768, #1276, .T. ) ;
#580 = CARTESIAN_POINT ( 'NONE',  ( 3.889695057442238646, 0.000000000000000000, 130.0000000000000000 ) ) ;
#581 = CARTESIAN_POINT ( 'NONE',  ( -27.63314554501875975, 7.000000000000000000, 14.00000000000006750 ) ) ;
#582 = ORIENTED_EDGE ( 'NONE', *, *, #1749, .F. ) ;
#583 =( GEOMETRIC_REPRESENTATION_CONTEXT ( 3 ) GLOBAL_UNCERTAINTY_ASSIGNED_CONTEXT ( ( #1597 ) ) GLOBAL_UNIT_ASSIGNED_CONTEXT ( ( #147, #1303, #1293 ) ) REPRESENTATION_CONTEXT ( 'NONE', 'WORKASPACE' ) );
#584 = CARTESIAN_POINT ( 'NONE',  ( -17.96316499461714500, 0.6427568483411963962, 129.9550540627406292 ) ) ;
#585 = CARTESIAN_POINT ( 'NONE',  ( 8.978147436786969138, 20.58302825425626637, 103.0218525632129598 ) ) ;
#586 = VERTEX_POINT ( 'NONE', #447 ) ;
#587 = CARTESIAN_POINT ( 'NONE',  ( 12.50000000000000711, 18.99999999995816324, 94.00000000000008527 ) ) ;
#588 = CARTESIAN_POINT ( 'NONE',  ( -3.290368882867829470, 14.99999999983492671, 46.79036888286790230 ) ) ;
#589 = ORIENTED_EDGE ( 'NONE', *, *, #1421, .F. ) ;
#590 = ADVANCED_FACE ( 'NONE', ( #1126 ), #455, .F. ) ;
#591 = ADVANCED_FACE ( 'NONE', ( #1155 ), #1134, .T. ) ;
#592 = CARTESIAN_POINT ( 'NONE',  ( 3.889695057442238646, 0.000000000000000000, 132.9999999999954525 ) ) ;
#593 = CARTESIAN_POINT ( 'NONE',  ( -3.999999999999998224, 18.99999999983492671, 26.00000000000008527 ) ) ;
#594 = EDGE_LOOP ( 'NONE', ( #875, #468, #1453, #1738 ) ) ;
#595 = VECTOR ( 'NONE', #621, 1000.000000000000000 ) ;
#596 = VERTEX_POINT ( 'NONE', #994 ) ;
#597 = FILL_AREA_STYLE ('',( #301 ) ) ;
#598 = LINE ( 'NONE', #1047, #82 ) ;
#599 = ORIENTED_EDGE ( 'NONE', *, *, #1683, .T. ) ;
#600 = VECTOR ( 'NONE', #801, 1000.000000000000000 ) ;
#601 = VECTOR ( 'NONE', #475, 1000.000000000000000 ) ;
#602 = AXIS2_PLACEMENT_3D ( 'NONE', #1410, #135, #125 ) ;
#603 = LINE ( 'NONE', #204, #539 ) ;
#604 = VECTOR ( 'NONE', #13, 1000.000000000000114 ) ;
#605 = VERTEX_POINT ( 'NONE', #1284 ) ;
#606 = VERTEX_POINT ( 'NONE', #133 ) ;
#607 = DIRECTION ( 'NONE',  ( 1.000000000000000000, 0.000000000000000000, -0.000000000000000000 ) ) ;
#608 = DIRECTION ( 'NONE',  ( 0.000000000000000000, 1.000000000000000000, 0.000000000000000000 ) ) ;
#609 = ORIENTED_EDGE ( 'NONE', *, *, #1289, .F. ) ;
#610 = LINE ( 'NONE', #1760, #595 ) ;
#611 = VECTOR ( 'NONE', #1397, 999.9999999999998863 ) ;
#612 = DIRECTION ( 'NONE',  ( 0.05233595624294388321, 0.9986295347545739443, 0.000000000000000000 ) ) ;
#613 = LINE ( 'NONE', #890, #903 ) ;
#614 = CARTESIAN_POINT ( 'NONE',  ( 5.204170427930421283E-15, 18.99999999983492671, 42.50000000000009237 ) ) ;
#615 = ORIENTED_EDGE ( 'NONE', *, *, #1421, .T. ) ;
#616 = ORIENTED_EDGE ( 'NONE', *, *, #195, .F. ) ;
#617 = DIRECTION ( 'NONE',  ( -0.8100736394347233249, -0.5863281493267928912, 0.000000000000000000 ) ) ;
#618 = EDGE_CURVE ( 'NONE', #683, #1636, #845, .T. ) ;
#619 = CARTESIAN_POINT ( 'NONE',  ( 5.204170427930421283E-15, 14.99999999983492671, 77.50000000000009948 ) ) ;
#620 = ORIENTED_EDGE ( 'NONE', *, *, #108, .F. ) ;
#621 = DIRECTION ( 'NONE',  ( 0.4752916965851550768, 0.6566651710103167394, 0.5855669529090558045 ) ) ;
#622 = DIRECTION ( 'NONE',  ( 0.000000000000000000, -0.5812381937190952419, 0.8137334712067356701 ) ) ;
#623 = EDGE_CURVE ( 'NONE', #606, #1165, #27, .T. ) ;
#624 = PLANE ( 'NONE',  #281 ) ;
#625 = ORIENTED_EDGE ( 'NONE', *, *, #91, .F. ) ;
#626 = ADVANCED_FACE ( 'NONE', ( #424 ), #1566, .F. ) ;
#627 = ORIENTED_EDGE ( 'NONE', *, *, #847, .T. ) ;
#628 = LINE ( 'NONE', #755, #1481 ) ;
#629 = PLANE ( 'NONE',  #1133 ) ;
#630 = EDGE_LOOP ( 'NONE', ( #1100, #118, #472, #832 ) ) ;
#631 = LINE ( 'NONE', #351, #1643 ) ;
#632 = DIRECTION ( 'NONE',  ( -0.03584626078753565259, 0.9969229320776722414, -0.06971164239356852921 ) ) ;
#633 = VECTOR ( 'NONE', #1660, 1000.000000000000114 ) ;
#634 = LINE ( 'NONE', #213, #842 ) ;
#635 = CARTESIAN_POINT ( 'NONE',  ( -3.499999999999994227, 18.99999999983492671, 42.50000000000009237 ) ) ;
#636 = AXIS2_PLACEMENT_3D ( 'NONE', #541, #1685, #1218 ) ;
#637 = EDGE_CURVE ( 'NONE', #167, #596, #1002, .T. ) ;
#638 = ORIENTED_EDGE ( 'NONE', *, *, #298, .T. ) ;
#639 = CARTESIAN_POINT ( 'NONE',  ( 4.209631117132171418, 14.99999999983492671, 69.79036888286792362 ) ) ;
#640 = EDGE_CURVE ( 'NONE', #1708, #1457, #857, .T. ) ;
#641 = EDGE_LOOP ( 'NONE', ( #338, #656, #151, #1275 ) ) ;
#642 = VECTOR ( 'NONE', #92, 1000.000000000000114 ) ;
#643 = LINE ( 'NONE', #1186, #365 ) ;
#644 = LINE ( 'NONE', #1211, #779 ) ;
#645 = AXIS2_PLACEMENT_3D ( 'NONE', #734, #19, #991 ) ;
#646 = ORIENTED_EDGE ( 'NONE', *, *, #1451, .T. ) ;
#647 = VECTOR ( 'NONE', #131, 1000.000000000000000 ) ;
#648 = ORIENTED_EDGE ( 'NONE', *, *, #306, .F. ) ;
#649 = PLANE ( 'NONE',  #1084 ) ;
#650 = EDGE_CURVE ( 'NONE', #1588, #42, #1580, .T. ) ;
#651 = CARTESIAN_POINT ( 'NONE',  ( -7.790368882867833022, 14.99999999983492671, 61.20963111713225402 ) ) ;
#652 = ADVANCED_FACE ( 'NONE', ( #271 ), #871, .F. ) ;
#653 = CARTESIAN_POINT ( 'NONE',  ( -18.90549992761037146, 2.189365301636621464, 0.1530953357231912282 ) ) ;
#654 =( NAMED_UNIT ( * ) PLANE_ANGLE_UNIT ( ) SI_UNIT ( $, .RADIAN. ) );
#655 = DIRECTION ( 'NONE',  ( -0.05227858256393224518, -0.9975347797432078112, -0.04681146235460081212 ) ) ;
#656 = ORIENTED_EDGE ( 'NONE', *, *, #640, .F. ) ;
#657 = ORIENTED_EDGE ( 'NONE', *, *, #1589, .F. ) ;
#658 = CARTESIAN_POINT ( 'NONE',  ( 3.500000000000004885, 18.99999999983492671, 82.00000000000007105 ) ) ;
#659 = DIRECTION ( 'NONE',  ( 0.05233595624293594512, -0.9986295347545742773, 0.000000000000000000 ) ) ;
#660 = AXIS2_PLACEMENT_3D ( 'NONE', #1815, #567, #997 ) ;
#661 = CARTESIAN_POINT ( 'NONE',  ( 9.404761938506803531, 16.53794518965642624, 1.156445783209187450 ) ) ;
#662 = VECTOR ( 'NONE', #540, 1000.000000000000000 ) ;
#663 = CARTESIAN_POINT ( 'NONE',  ( 4.000000000000005329, 18.99999999983492671, 61.00000000000008527 ) ) ;
#664 = VECTOR ( 'NONE', #955, 1000.000000000000000 ) ;
#665 = ORIENTED_EDGE ( 'NONE', *, *, #1399, .T. ) ;
#666 = DIRECTION ( 'NONE',  ( 1.000000000000000000, 0.000000000000000000, 0.000000000000000000 ) ) ;
#667 = EDGE_LOOP ( 'NONE', ( #1204, #1157, #615, #1073, #529, #1798 ) ) ;
#668 = DIRECTION ( 'NONE',  ( -0.000000000000000000, -0.000000000000000000, -1.000000000000000000 ) ) ;
#669 = CARTESIAN_POINT ( 'NONE',  ( -9.000000000000000000, 13.99999999990131982, 102.9999999999999289 ) ) ;
#670 = CARTESIAN_POINT ( 'NONE',  ( -7.972684295983712310, 18.47878531777860545, 70.97268429598379669 ) ) ;
#671 = FILL_AREA_STYLE_COLOUR ( '', #1505 ) ;
#672 = DIRECTION ( 'NONE',  ( -1.927470528863118309E-16, 0.000000000000000000, -1.000000000000000000 ) ) ;
#673 = VECTOR ( 'NONE', #1617, 1000.000000000000000 ) ;
#674 = ORIENTED_EDGE ( 'NONE', *, *, #1255, .F. ) ;
#675 = ORIENTED_EDGE ( 'NONE', *, *, #1581, .F. ) ;
#676 = ADVANCED_FACE ( 'NONE', ( #1144 ), #164, .T. ) ;
#677 = CARTESIAN_POINT ( 'NONE',  ( 12.50000000000000711, 20.99999999995816324, 94.00000000000008527 ) ) ;
#678 = DIRECTION ( 'NONE',  ( 0.000000000000000000, 0.9986295347545739443, -0.05233595624294388321 ) ) ;
#679 = CARTESIAN_POINT ( 'NONE',  ( 4.024584133614665937, 18.53090678598423935, 34.97541586638542555 ) ) ;
#680 = FACE_OUTER_BOUND ( 'NONE', #594, .T. ) ;
#681 = ORIENTED_EDGE ( 'NONE', *, *, #445, .T. ) ;
#682 = APPLICATION_CONTEXT ( 'automotive_design' ) ;
#683 = VERTEX_POINT ( 'NONE', #889 ) ;
#684 = DIRECTION ( 'NONE',  ( 1.000000000000000000, 0.000000000000000000, 0.000000000000000000 ) ) ;
#685 = CARTESIAN_POINT ( 'NONE',  ( 8.000000000000005329, 18.99999999983492671, 26.00000000000008171 ) ) ;
#686 = CARTESIAN_POINT ( 'NONE',  ( 0.000000000000000000, 0.000000000000000000, 132.9999999999954525 ) ) ;
#687 = DIRECTION ( 'NONE',  ( -9.251858538542972814E-17, 0.000000000000000000, -1.000000000000000000 ) ) ;
#688 = VECTOR ( 'NONE', #672, 1000.000000000000000 ) ;
#689 = EDGE_LOOP ( 'NONE', ( #708, #1317, #227, #190 ) ) ;
#690 = VECTOR ( 'NONE', #466, 1000.000000000000114 ) ;
#691 = EDGE_CURVE ( 'NONE', #58, #573, #603, .T. ) ;
#692 = LINE ( 'NONE', #416, #1376 ) ;
#693 = VERTEX_POINT ( 'NONE', #1748 ) ;
#694 = CARTESIAN_POINT ( 'NONE',  ( 12.50000000000000000, 20.99999999995816324, 19.00000000000008527 ) ) ;
#695 = VECTOR ( 'NONE', #6, 1000.000000000000000 ) ;
#696 = ADVANCED_FACE ( 'NONE', ( #474 ), #778, .T. ) ;
#697 = LINE ( 'NONE', #403, #404 ) ;
#698 = CARTESIAN_POINT ( 'NONE',  ( 4.000000000000006217, 18.99999999983492671, 70.00000000000008527 ) ) ;
#699 = ORIENTED_EDGE ( 'NONE', *, *, #893, .T. ) ;
#700 = LINE ( 'NONE', #843, #1072 ) ;
#701 = VERTEX_POINT ( 'NONE', #1780 ) ;
#702 = DIRECTION ( 'NONE',  ( 0.000000000000000000, -0.000000000000000000, -1.000000000000000000 ) ) ;
#703 = CARTESIAN_POINT ( 'NONE',  ( -27.96873861274454143, 0.5965028032694205118, 115.9720078246024570 ) ) ;
#704 = ORIENTED_EDGE ( 'NONE', *, *, #1686, .F. ) ;
#705 = EDGE_CURVE ( 'NONE', #1813, #1183, #643, .T. ) ;
#706 = DIRECTION ( 'NONE',  ( 1.000000000000000000, 0.000000000000000000, 0.000000000000000000 ) ) ;
#707 = EDGE_CURVE ( 'NONE', #844, #110, #911, .T. ) ;
#708 = ORIENTED_EDGE ( 'NONE', *, *, #184, .F. ) ;
#709 = DIRECTION ( 'NONE',  ( 0.05226442768871395611, 0.9972646886342372285, -0.05226442768871396999 ) ) ;
#710 = ORIENTED_EDGE ( 'NONE', *, *, #1225, .T. ) ;
#711 = DIRECTION ( 'NONE',  ( 1.850371707708594563E-16, 0.000000000000000000, 1.000000000000000000 ) ) ;
#712 = FACE_OUTER_BOUND ( 'NONE', #1311, .T. ) ;
#713 = ORIENTED_EDGE ( 'NONE', *, *, #1439, .T. ) ;
#714 = LINE ( 'NONE', #1419, #695 ) ;
#715 = DIRECTION ( 'NONE',  ( -0.4752916965851552988, 0.6566651710103166284, -0.5855669529090556935 ) ) ;
#716 = EDGE_CURVE ( 'NONE', #110, #97, #333, .T. ) ;
#717 = ORIENTED_EDGE ( 'NONE', *, *, #40, .F. ) ;
#718 = VERTEX_POINT ( 'NONE', #315 ) ;
#719 = PLANE ( 'NONE',  #1450 ) ;
#720 = CARTESIAN_POINT ( 'NONE',  ( -3.500000000006449508, 18.99999999995816324, 42.50000000000009237 ) ) ;
#721 = CARTESIAN_POINT ( 'NONE',  ( 3.500000000000004885, 18.99999999983492671, 82.00000000000007105 ) ) ;
#722 = ORIENTED_EDGE ( 'NONE', *, *, #1755, .T. ) ;
#723 = EDGE_CURVE ( 'NONE', #1093, #586, #35, .T. ) ;
#724 = ORIENTED_EDGE ( 'NONE', *, *, #828, .T. ) ;
#725 = PLANE ( 'NONE',  #1684 ) ;
#726 = CARTESIAN_POINT ( 'NONE',  ( 28.00000000000000000, 0.000000000000000000, 130.0000000000000000 ) ) ;
#727 = ORIENTED_EDGE ( 'NONE', *, *, #358, .T. ) ;
#728 = CARTESIAN_POINT ( 'NONE',  ( -7.790368882867834799, 14.99999999983492671, 35.79036888286793072 ) ) ;
#729 = VECTOR ( 'NONE', #1274, 1000.000000000000000 ) ;
#730 = EDGE_CURVE ( 'NONE', #42, #1001, #490, .T. ) ;
#731 = ORIENTED_EDGE ( 'NONE', *, *, #1298, .F. ) ;
#732 = PRODUCT_DEFINITION_SHAPE ( 'NONE', 'NONE',  #1051 ) ;
#733 = ORIENTED_EDGE ( 'NONE', *, *, #1103, .F. ) ;
#734 = CARTESIAN_POINT ( 'NONE',  ( -8.000000000000000000, 18.99999999983492671, 71.00000000000008527 ) ) ;
#735 = DIRECTION ( 'NONE',  ( 0.000000000000000000, 0.000000000000000000, 1.000000000000000000 ) ) ;
#736 = EDGE_CURVE ( 'NONE', #1021, #1221, #1761, .T. ) ;
#737 = VERTEX_POINT ( 'NONE', #185 ) ;
#738 = PLANE ( 'NONE',  #543 ) ;
#739 = DIRECTION ( 'NONE',  ( 0.9986295347545739443, -0.05233595624294388321, -1.732346097742555105E-16 ) ) ;
#740 = ORIENTED_EDGE ( 'NONE', *, *, #1488, .T. ) ;
#741 = VECTOR ( 'NONE', #759, 1000.000000000000114 ) ;
#742 = EDGE_LOOP ( 'NONE', ( #812, #1396, #1830, #1543 ) ) ;
#743 = PLANE ( 'NONE',  #78 ) ;
#744 = EDGE_CURVE ( 'NONE', #919, #906, #480, .T. ) ;
#745 = VECTOR ( 'NONE', #1008, 999.9999999999998863 ) ;
#746 = CARTESIAN_POINT ( 'NONE',  ( 12.50000000000000000, 20.99999999995816324, 19.00000000000008527 ) ) ;
#747 = ORIENTED_EDGE ( 'NONE', *, *, #1633, .F. ) ;
#748 = CARTESIAN_POINT ( 'NONE',  ( -7.989073718393482793, 18.79151412701239821, 26.01092628160660070 ) ) ;
#749 = VECTOR ( 'NONE', #1030, 1000.000000000000000 ) ;
#750 = CYLINDRICAL_SURFACE ( 'NONE', #1022, 3.999999999999993339 ) ;
#751 = CARTESIAN_POINT ( 'NONE',  ( -17.50000000000000000, 21.00000000000000000, 14.00000000000006750 ) ) ;
#752 = ORIENTED_EDGE ( 'NONE', *, *, #623, .F. ) ;
#753 = EDGE_CURVE ( 'NONE', #50, #1165, #1458, .T. ) ;
#754 = ORIENTED_EDGE ( 'NONE', *, *, #1683, .F. ) ;
#755 = CARTESIAN_POINT ( 'NONE',  ( 8.000000000000007105, 18.99999999983492671, 70.00000000000008527 ) ) ;
#756 = EDGE_CURVE ( 'NONE', #960, #1536, #1200, .T. ) ;
#757 = LINE ( 'NONE', #1026, #1598 ) ;
#758 = VERTEX_POINT ( 'NONE', #63 ) ;
#759 = DIRECTION ( 'NONE',  ( 0.2845452878947866693, -0.5572113175547536157, 0.7800958445766573712 ) ) ;
#760 = AXIS2_PLACEMENT_3D ( 'NONE', #658, #516, #1817 ) ;
#761 = DIRECTION ( 'NONE',  ( 1.000000000000000000, 0.000000000000000000, 0.000000000000000000 ) ) ;
#762 = ADVANCED_FACE ( 'NONE', ( #1621 ), #750, .T. ) ;
#763 = CARTESIAN_POINT ( 'NONE',  ( -9.000000000000000000, 20.99999999990131982, 110.9999999999999147 ) ) ;
#764 = FACE_OUTER_BOUND ( 'NONE', #268, .T. ) ;
#765 = EDGE_LOOP ( 'NONE', ( #858, #810, #1503, #1495 ) ) ;
#766 = CARTESIAN_POINT ( 'NONE',  ( -28.00000000000000000, 0.000000000000000000, 130.0000000000000000 ) ) ;
#767 = DIRECTION ( 'NONE',  ( 0.000000000000000000, 1.000000000000000000, 0.000000000000000000 ) ) ;
#768 = VERTEX_POINT ( 'NONE', #54 ) ;
#769 = DIRECTION ( 'NONE',  ( 0.05233595624294389015, 0.9986295347545739443, -0.000000000000000000 ) ) ;
#770 = ADVANCED_FACE ( 'NONE', ( #1208 ), #1590, .F. ) ;
#771 = DIRECTION ( 'NONE',  ( 0.000000000000000000, 1.000000000000000000, 0.000000000000000000 ) ) ;
#772 = DIRECTION ( 'NONE',  ( 9.637352644315590312E-17, 0.000000000000000000, 1.000000000000000000 ) ) ;
#773 = ADVANCED_FACE ( 'NONE', ( #1770 ), #738, .F. ) ;
#774 = EDGE_CURVE ( 'NONE', #163, #1615, #352, .T. ) ;
#775 = VERTEX_POINT ( 'NONE', #904 ) ;
#776 = CARTESIAN_POINT ( 'NONE',  ( 5.204170427930421283E-15, 14.99999999983492671, 46.79036888286790230 ) ) ;
#777 = EDGE_LOOP ( 'NONE', ( #374, #864, #409, #1328, #1143 ) ) ;
#778 = PLANE ( 'NONE',  #134 ) ;
#779 = VECTOR ( 'NONE', #1243, 1000.000000000000114 ) ;
#780 = CARTESIAN_POINT ( 'NONE',  ( -3.999999999999996447, 18.99999999983492671, 71.00000000000008527 ) ) ;
#781 = CARTESIAN_POINT ( 'NONE',  ( -7.790368882867833022, 14.99999999983492671, 26.20963111713225047 ) ) ;
#782 = VECTOR ( 'NONE', #1548, 1000.000000000000114 ) ;
#783 = ORIENTED_EDGE ( 'NONE', *, *, #251, .T. ) ;
#784 = EDGE_CURVE ( 'NONE', #1130, #606, #194, .T. ) ;
#785 = DIRECTION ( 'NONE',  ( 0.05226442768871396305, 0.9972646886342372285, 0.05226442768871396999 ) ) ;
#786 = EDGE_CURVE ( 'NONE', #1559, #347, #532, .T. ) ;
#787 = VERTEX_POINT ( 'NONE', #1067 ) ;
#788 = VECTOR ( 'NONE', #1786, 1000.000000000000000 ) ;
#789 = CARTESIAN_POINT ( 'NONE',  ( -27.63314554501875975, 7.000000000000000000, 14.00000000000006750 ) ) ;
#790 = LINE ( 'NONE', #1672, #1227 ) ;
#791 = LINE ( 'NONE', #679, #1168 ) ;
#792 = FACE_OUTER_BOUND ( 'NONE', #138, .T. ) ;
#793 = CARTESIAN_POINT ( 'NONE',  ( -4.209631117132161648, 14.99999999983492671, 70.79036888286792362 ) ) ;
#794 = EDGE_CURVE ( 'NONE', #33, #565, #114, .T. ) ;
#795 = ORIENTED_EDGE ( 'NONE', *, *, #1807, .F. ) ;
#796 = VECTOR ( 'NONE', #559, 1000.000000000000114 ) ;
#797 = VERTEX_POINT ( 'NONE', #651 ) ;
#798 = ADVANCED_FACE ( 'NONE', ( #799 ), #1398, .F. ) ;
#799 = FACE_OUTER_BOUND ( 'NONE', #1066, .T. ) ;
#800 = DIRECTION ( 'NONE',  ( 0.000000000000000000, -0.05233595624294388321, 0.9986295347545739443 ) ) ;
#801 = DIRECTION ( 'NONE',  ( 0.000000000000000000, 0.000000000000000000, 1.000000000000000000 ) ) ;
#802 = EDGE_LOOP ( 'NONE', ( #869, #101, #860, #1006 ) ) ;
#803 = EDGE_LOOP ( 'NONE', ( #1189, #1309, #1545, #356 ) ) ;
#804 = LINE ( 'NONE', #1517, #852 ) ;
#805 = CARTESIAN_POINT ( 'NONE',  ( -4.010926281606512767, 18.79151412701239821, 35.98907371839357694 ) ) ;
#806 = DIRECTION ( 'NONE',  ( 0.9986295347545739443, -0.05233595624294388321, 0.000000000000000000 ) ) ;
#807 = DIRECTION ( 'NONE',  ( 9.637352644315591545E-17, 0.000000000000000000, 1.000000000000000000 ) ) ;
#808 = AXIS2_PLACEMENT_3D ( 'NONE', #635, #1528, #361 ) ;
#809 = VECTOR ( 'NONE', #715, 1000.000000000000114 ) ;
#810 = ORIENTED_EDGE ( 'NONE', *, *, #965, .F. ) ;
#811 = LINE ( 'NONE', #1387, #958 ) ;
#812 = ORIENTED_EDGE ( 'NONE', *, *, #578, .T. ) ;
#813 = EDGE_CURVE ( 'NONE', #978, #1713, #1665, .T. ) ;
#814 = ADVANCED_FACE ( 'NONE', ( #816 ), #1370, .F. ) ;
#815 = DIRECTION ( 'NONE',  ( 0.05233595624294388321, 0.9986295347545739443, 0.000000000000000000 ) ) ;
#816 = FACE_OUTER_BOUND ( 'NONE', #350, .T. ) ;
#817 = PLANE ( 'NONE',  #1290 ) ;
#818 = DIRECTION ( 'NONE',  ( 0.05226442768871395611, 0.9972646886342372285, -0.05226442768871396999 ) ) ;
#819 = AXIS2_PLACEMENT_3D ( 'NONE', #1024, #1180, #1337 ) ;
#820 = EDGE_LOOP ( 'NONE', ( #1336, #1347, #1195, #1699, #1236, #530, #1412, #407, #1763, #1045 ) ) ;
#821 = DIRECTION ( 'NONE',  ( 9.637352644315590312E-17, 0.000000000000000000, 1.000000000000000000 ) ) ;
#822 = LINE ( 'NONE', #428, #564 ) ;
#823 = ORIENTED_EDGE ( 'NONE', *, *, #293, .F. ) ;
#824 = DIRECTION ( 'NONE',  ( -0.05233595624294387627, 0.9986295347545739443, -0.000000000000000000 ) ) ;
#825 = FACE_OUTER_BOUND ( 'NONE', #1148, .T. ) ;
#826 = LINE ( 'NONE', #1115, #513 ) ;
#827 = DIRECTION ( 'NONE',  ( -0.5817660067243612954, 0.000000000000000000, -0.8133562032836476607 ) ) ;
#828 = EDGE_CURVE ( 'NONE', #1718, #228, #1257, .T. ) ;
#829 = ORIENTED_EDGE ( 'NONE', *, *, #1498, .T. ) ;
#830 = EDGE_CURVE ( 'NONE', #126, #1636, #260, .T. ) ;
#831 = LINE ( 'NONE', #1569, #183 ) ;
#832 = ORIENTED_EDGE ( 'NONE', *, *, #1781, .F. ) ;
#833 = FACE_OUTER_BOUND ( 'NONE', #641, .T. ) ;
#834 = PRODUCT_DEFINITION_CONTEXT ( 'detailed design', #232, 'design' ) ;
#835 = LINE ( 'NONE', #1712, #1029 ) ;
#836 = VERTEX_POINT ( 'NONE', #1639 ) ;
#837 = VECTOR ( 'NONE', #1040, 1000.000000000000000 ) ;
#838 = DIRECTION ( 'NONE',  ( 0.000000000000000000, -0.000000000000000000, 1.000000000000000000 ) ) ;
#839 = PLANE ( 'NONE',  #602 ) ;
#840 = VECTOR ( 'NONE', #66, 1000.000000000000114 ) ;
#841 = ORIENTED_EDGE ( 'NONE', *, *, #900, .F. ) ;
#842 = VECTOR ( 'NONE', #1478, 1000.000000000000000 ) ;
#843 = CARTESIAN_POINT ( 'NONE',  ( 17.50000000000000000, 21.00000000000000000, 130.0000000000000000 ) ) ;
#844 = VERTEX_POINT ( 'NONE', #953 ) ;
#845 =( BOUNDED_CURVE ( )  B_SPLINE_CURVE ( 3, ( #1557, #1010, #562, #1704 ),
 .UNSPECIFIED., .F., .T. ) 
 B_SPLINE_CURVE_WITH_KNOTS ( ( 4, 4 ),
 ( 4.764748857944518967, 7.801621756414653497 ),
 .UNSPECIFIED. ) 
 CURVE ( )  GEOMETRIC_REPRESENTATION_ITEM ( )  RATIONAL_B_SPLINE_CURVE ( ( 1.000000000000000000, 0.3682239708286288438, 0.3682239708286288438, 1.000000000000000000 ) ) 
 REPRESENTATION_ITEM ( '' )  );
#846 = ADVANCED_FACE ( 'NONE', ( #825 ), #1075, .F. ) ;
#847 = EDGE_CURVE ( 'NONE', #265, #1559, #240, .T. ) ;
#848 = CARTESIAN_POINT ( 'NONE',  ( -3.999999999999996447, 14.99999999983492671, 26.20963111713225402 ) ) ;
#849 = ORIENTED_EDGE ( 'NONE', *, *, #1740, .F. ) ;
#850 = CARTESIAN_POINT ( 'NONE',  ( -4.209631117132161648, 14.99999999983492671, 35.79036888286793072 ) ) ;
#851 = ORIENTED_EDGE ( 'NONE', *, *, #298, .F. ) ;
#852 = VECTOR ( 'NONE', #1102, 1000.000000000000000 ) ;
#853 = ORIENTED_EDGE ( 'NONE', *, *, #1609, .F. ) ;
#854 = FACE_OUTER_BOUND ( 'NONE', #505, .T. ) ;
#855 = LINE ( 'NONE', #571, #897 ) ;
#856 = VERTEX_POINT ( 'NONE', #501 ) ;
#857 = LINE ( 'NONE', #150, #604 ) ;
#858 = ORIENTED_EDGE ( 'NONE', *, *, #566, .T. ) ;
#859 = DIRECTION ( 'NONE',  ( 1.000000000000000000, -0.000000000000000000, -0.000000000000000000 ) ) ;
#860 = ORIENTED_EDGE ( 'NONE', *, *, #1225, .F. ) ;
#861 = FACE_BOUND ( 'NONE', #689, .T. ) ;
#862 = VERTEX_POINT ( 'NONE', #1794 ) ;
#863 = DIRECTION ( 'NONE',  ( 0.000000000000000000, 0.9986295347545739443, -0.05233595624294388321 ) ) ;
#864 = ORIENTED_EDGE ( 'NONE', *, *, #1452, .F. ) ;
#865 = VERTEX_POINT ( 'NONE', #84 ) ;
#866 = VECTOR ( 'NONE', #215, 1000.000000000000000 ) ;
#867 = DIRECTION ( 'NONE',  ( 0.9986295347545739443, -0.05233595624294388321, -1.924828997491728196E-16 ) ) ;
#868 = DIRECTION ( 'NONE',  ( 0.000000000000000000, -0.05233595624294388321, 0.9986295347545739443 ) ) ;
#869 = ORIENTED_EDGE ( 'NONE', *, *, #1185, .T. ) ;
#870 = EDGE_CURVE ( 'NONE', #575, #862, #1538, .T. ) ;
#871 = PLANE ( 'NONE',  #1351 ) ;
#872 = LINE ( 'NONE', #1707, #809 ) ;
#873 = ORIENTED_EDGE ( 'NONE', *, *, #1085, .F. ) ;
#874 = VECTOR ( 'NONE', #1518, 1000.000000000000000 ) ;
#875 = ORIENTED_EDGE ( 'NONE', *, *, #1128, .T. ) ;
#876 = FACE_BOUND ( 'NONE', #171, .T. ) ;
#877 = DIRECTION ( 'NONE',  ( -0.9986295347545739443, -0.05233595624294388321, 9.624144987458640979E-17 ) ) ;
#878 = ORIENTED_EDGE ( 'NONE', *, *, #252, .F. ) ;
#879 = AXIS2_PLACEMENT_3D ( 'NONE', #694, #90, #815 ) ;
#880 = CARTESIAN_POINT ( 'NONE',  ( 7.989073718393489898, 18.79151412701239821, 69.98907371839358404 ) ) ;
#881 = VECTOR ( 'NONE', #287, 1000.000000000000000 ) ;
#882 = FACE_OUTER_BOUND ( 'NONE', #1054, .T. ) ;
#883 = ORIENTED_EDGE ( 'NONE', *, *, #5, .T. ) ;
#884 = ADVANCED_FACE ( 'NONE', ( #517 ), #1531, .T. ) ;
#885 = EDGE_LOOP ( 'NONE', ( #88, #1816, #1680, #981 ) ) ;
#886 = FACE_OUTER_BOUND ( 'NONE', #667, .T. ) ;
#887 = CARTESIAN_POINT ( 'NONE',  ( -3.487707933192664811, 18.76545339290958481, 81.98770793319273764 ) ) ;
#888 = ORIENTED_EDGE ( 'NONE', *, *, #1060, .T. ) ;
#889 = CARTESIAN_POINT ( 'NONE',  ( 11.99451813901828956, 2.209343824971774950, 129.8455076298326674 ) ) ;
#890 = CARTESIAN_POINT ( 'NONE',  ( 27.63314554501876685, 6.999999999999996447, 115.9999999999999432 ) ) ;
#891 = ORIENTED_EDGE ( 'NONE', *, *, #707, .T. ) ;
#892 = ADVANCED_FACE ( 'NONE', ( #1810 ), #1390, .T. ) ;
#893 = EDGE_CURVE ( 'NONE', #237, #1263, #790, .T. ) ;
#894 = AXIS2_PLACEMENT_3D ( 'NONE', #439, #980, #1005 ) ;
#895 = VERTEX_POINT ( 'NONE', #393 ) ;
#896 = DIRECTION ( 'NONE',  ( 0.000000000000000000, 0.000000000000000000, -1.000000000000000000 ) ) ;
#897 = VECTOR ( 'NONE', #1000, 1000.000000000000000 ) ;
#898 = DIRECTION ( 'NONE',  ( 0.000000000000000000, -0.9975640502598241977, 0.06975647374412545509 ) ) ;
#899 = EDGE_LOOP ( 'NONE', ( #23, #53, #1171, #1661 ) ) ;
#900 = EDGE_CURVE ( 'NONE', #693, #163, #1083, .T. ) ;
#901 = VECTOR ( 'NONE', #1449, 1000.000000000000114 ) ;
#902 = EDGE_CURVE ( 'NONE', #737, #1708, #1658, .T. ) ;
#903 = VECTOR ( 'NONE', #1187, 999.9999999999998863 ) ;
#904 = CARTESIAN_POINT ( 'NONE',  ( 17.98627654002076426, 0.000000000000000000, 0.000000000000000000 ) ) ;
#905 = CARTESIAN_POINT ( 'NONE',  ( -28.00000000000000000, 0.000000000000000000, 115.9999999999999289 ) ) ;
#906 = VERTEX_POINT ( 'NONE', #1829 ) ;
#907 = ORIENTED_EDGE ( 'NONE', *, *, #442, .T. ) ;
#908 = CARTESIAN_POINT ( 'NONE',  ( 4.000000000000005329, 18.99999999983492671, 61.00000000000008527 ) ) ;
#909 = CARTESIAN_POINT ( 'NONE',  ( -12.29513221987782678, 17.09088988453576974, 93.79513221987792804 ) ) ;
#910 = ORIENTED_EDGE ( 'NONE', *, *, #949, .F. ) ;
#911 = LINE ( 'NONE', #1314, #1015 ) ;
#912 = EDGE_CURVE ( 'NONE', #605, #1813, #855, .T. ) ;
#913 = LINE ( 'NONE', #1062, #363 ) ;
#914 = CARTESIAN_POINT ( 'NONE',  ( -7.999999999999998224, 18.99999999983492671, 61.00000000000009237 ) ) ;
#915 = EDGE_LOOP ( 'NONE', ( #330, #853, #823, #665 ) ) ;
#916 = DIRECTION ( 'NONE',  ( -1.000000000000000000, -0.000000000000000000, 0.000000000000000000 ) ) ;
#917 = LINE ( 'NONE', #1220, #14 ) ;
#918 = DIRECTION ( 'NONE',  ( -0.05226442768871395611, 0.9972646886342372285, 0.05226442768871396999 ) ) ;
#919 = VERTEX_POINT ( 'NONE', #720 ) ;
#920 = LINE ( 'NONE', #1777, #837 ) ;
#921 = CARTESIAN_POINT ( 'NONE',  ( 8.000000000000005329, 18.99999999983492671, 61.00000000000008527 ) ) ;
#922 = DIRECTION ( 'NONE',  ( -0.000000000000000000, -0.000000000000000000, 1.000000000000000000 ) ) ;
#923 = DIRECTION ( 'NONE',  ( 1.000000000000000000, 0.000000000000000000, 0.000000000000000000 ) ) ;
#924 = CARTESIAN_POINT ( 'NONE',  ( 17.50000000000000000, 21.00000000000000000, 115.9999999999999432 ) ) ;
#925 = ADVANCED_FACE ( 'NONE', ( #1427 ), #1682, .F. ) ;
#926 = EDGE_CURVE ( 'NONE', #758, #1001, #549, .T. ) ;
#927 = ORIENTED_EDGE ( 'NONE', *, *, #1781, .T. ) ;
#928 = DIRECTION ( 'NONE',  ( 1.000000000000000000, 0.000000000000000000, 0.000000000000000000 ) ) ;
#929 = EDGE_LOOP ( 'NONE', ( #927, #1516, #127, #524 ) ) ;
#930 = CARTESIAN_POINT ( 'NONE',  ( -12.43171073995928033, 19.69696329481736186, 19.06828926004080671 ) ) ;
#931 = AXIS2_PLACEMENT_3D ( 'NONE', #1087, #1097, #923 ) ;
#932 = DIRECTION ( 'NONE',  ( 0.000000000000000000, 1.000000000000000000, 0.000000000000000000 ) ) ;
#933 = VECTOR ( 'NONE', #1447, 1000.000000000000000 ) ;
#934 = EDGE_LOOP ( 'NONE', ( #1565, #488, #77, #638 ) ) ;
#935 = ORIENTED_EDGE ( 'NONE', *, *, #375, .F. ) ;
#936 = VECTOR ( 'NONE', #342, 1000.000000000000000 ) ;
#937 = DIRECTION ( 'NONE',  ( 0.8100736394347235469, -0.5863281493267926692, 0.000000000000000000 ) ) ;
#938 = CARTESIAN_POINT ( 'NONE',  ( -8.000000000000000000, 18.99999999983492671, 71.00000000000008527 ) ) ;
#939 = DIRECTION ( 'NONE',  ( 0.5568243486981283574, -0.2097866522895993346, 0.8037015647726635237 ) ) ;
#940 = SURFACE_STYLE_USAGE ( .BOTH. , #1500 ) ;
#941 = CARTESIAN_POINT ( 'NONE',  ( 4.005481860981711328, 2.209343824971774950, 132.8455076298281199 ) ) ;
#942 = ORIENTED_EDGE ( 'NONE', *, *, #579, .F. ) ;
#943 = DIRECTION ( 'NONE',  ( -1.000000000000000000, 0.000000000000000000, 0.000000000000000000 ) ) ;
#944 = ORIENTED_EDGE ( 'NONE', *, *, #1644, .T. ) ;
#945 = CARTESIAN_POINT ( 'NONE',  ( 3.290368882867839684, 14.99999999983492671, 46.79036888286790230 ) ) ;
#946 = CARTESIAN_POINT ( 'NONE',  ( 27.63314554501876685, 7.000000000000000000, 130.0000000000000000 ) ) ;
#947 = DIRECTION ( 'NONE',  ( 0.5511472721469717895, 0.8323754084719460211, 0.05820535865462055092 ) ) ;
#948 = DIRECTION ( 'NONE',  ( 0.000000000000000000, 0.000000000000000000, 1.000000000000000000 ) ) ;
#949 = EDGE_CURVE ( 'NONE', #1183, #768, #1265, .T. ) ;
#950 = ORIENTED_EDGE ( 'NONE', *, *, #1807, .T. ) ;
#951 = VERTEX_POINT ( 'NONE', #1142 ) ;
#952 = FACE_OUTER_BOUND ( 'NONE', #1479, .T. ) ;
#953 = CARTESIAN_POINT ( 'NONE',  ( -7.790368882867834799, 14.99999999983492671, 70.79036888286792362 ) ) ;
#954 = ADVANCED_FACE ( 'NONE', ( #712 ), #270, .F. ) ;
#955 = DIRECTION ( 'NONE',  ( -1.734723475976806108E-16, 0.000000000000000000, -1.000000000000000000 ) ) ;
#956 = LINE ( 'NONE', #1823, #1731 ) ;
#957 = AXIS2_PLACEMENT_3D ( 'NONE', #1393, #272, #1687 ) ;
#958 = VECTOR ( 'NONE', #821, 1000.000000000000000 ) ;
#959 = VERTEX_POINT ( 'NONE', #1579 ) ;
#960 = VERTEX_POINT ( 'NONE', #1572 ) ;
#961 = LINE ( 'NONE', #1800, #316 ) ;
#962 = CARTESIAN_POINT ( 'NONE',  ( 7.975415866385346497, 18.53090678598423935, 61.02458413361474499 ) ) ;
#963 = EDGE_CURVE ( 'NONE', #1784, #1472, #835, .T. ) ;
#964 = DIRECTION ( 'NONE',  ( 0.000000000000000000, 0.000000000000000000, 1.000000000000000000 ) ) ;
#965 = EDGE_CURVE ( 'NONE', #210, #294, #1435, .T. ) ;
#966 = LINE ( 'NONE', #253, #572 ) ;
#967 = VECTOR ( 'NONE', #1757, 1000.000000000000000 ) ;
#968 = ORIENTED_EDGE ( 'NONE', *, *, #1801, .T. ) ;
#969 = DIRECTION ( 'NONE',  ( 0.000000000000000000, -0.05233595624294388321, -0.9986295347545739443 ) ) ;
#970 = PLANE ( 'NONE',  #273 ) ;
#971 = EDGE_LOOP ( 'NONE', ( #341, #577, #178, #354, #648 ) ) ;
#972 = AXIS2_PLACEMENT_3D ( 'NONE', #619, #608, #52 ) ;
#973 = CARTESIAN_POINT ( 'NONE',  ( -7.999999999999998224, 18.99999999983492671, 26.00000000000008527 ) ) ;
#974 = DIRECTION ( 'NONE',  ( 0.000000000000000000, 0.000000000000000000, -1.000000000000000000 ) ) ;
#975 = DIRECTION ( 'NONE',  ( -0.05226442768871397693, 0.9972646886342372285, 0.05226442768871396999 ) ) ;
#976 = CARTESIAN_POINT ( 'NONE',  ( 17.50000000000000000, 21.00000000000000000, 115.9999999999999432 ) ) ;
#977 = EDGE_CURVE ( 'NONE', #310, #1425, #697, .T. ) ;
#978 = VERTEX_POINT ( 'NONE', #295 ) ;
#979 = EDGE_CURVE ( 'NONE', #391, #1654, #1123, .T. ) ;
#980 = DIRECTION ( 'NONE',  ( 0.000000000000000000, -0.05233595624294388321, 0.9986295347545739443 ) ) ;
#981 = ORIENTED_EDGE ( 'NONE', *, *, #394, .T. ) ;
#982 = DIRECTION ( 'NONE',  ( 0.000000000000000000, -1.000000000000000000, 0.000000000000000000 ) ) ;
#983 = LINE ( 'NONE', #20, #230 ) ;
#984 = VECTOR ( 'NONE', #1139, 1000.000000000000000 ) ;
#985 = DIRECTION ( 'NONE',  ( 0.000000000000000000, -0.5812381937190957970, -0.8137334712067354481 ) ) ;
#986 = EDGE_CURVE ( 'NONE', #1436, #1386, #154, .T. ) ;
#987 = ORIENTED_EDGE ( 'NONE', *, *, #142, .F. ) ;
#988 = AXIS2_PLACEMENT_3D ( 'NONE', #614, #1622, #482 ) ;
#989 = VECTOR ( 'NONE', #1231, 1000.000000000000000 ) ;
#990 = ORIENTED_EDGE ( 'NONE', *, *, #108, .T. ) ;
#991 = DIRECTION ( 'NONE',  ( 0.000000000000000000, -0.9986295347545739443, -0.05233595624294388321 ) ) ;
#992 = DIRECTION ( 'NONE',  ( 0.2845452878947872244, -0.5572113175547540598, -0.7800958445766570382 ) ) ;
#993 = ORIENTED_EDGE ( 'NONE', *, *, #446, .T. ) ;
#994 = CARTESIAN_POINT ( 'NONE',  ( -17.98627654002075360, 0.000000000000000000, 130.0000000000000000 ) ) ;
#995 = ORIENTED_EDGE ( 'NONE', *, *, #31, .F. ) ;
#996 = STYLED_ITEM ( 'NONE', ( #1692 ), #1550 ) ;
#997 = DIRECTION ( 'NONE',  ( 0.000000000000000000, 0.9986295347545739443, -0.05233595624294388321 ) ) ;
#998 = VERTEX_POINT ( 'NONE', #1547 ) ;
#999 = FACE_BOUND ( 'NONE', #1638, .T. ) ;
#1000 = DIRECTION ( 'NONE',  ( 1.000000000000000000, 0.000000000000000000, 0.000000000000000000 ) ) ;
#1001 = VERTEX_POINT ( 'NONE', #1294 ) ;
#1002 = LINE ( 'NONE', #584, #782 ) ;
#1003 = FACE_OUTER_BOUND ( 'NONE', #899, .T. ) ;
#1004 = ORIENTED_EDGE ( 'NONE', *, *, #1285, .F. ) ;
#1005 = DIRECTION ( 'NONE',  ( 0.000000000000000000, -0.9986295347545739443, -0.05233595624294388321 ) ) ;
#1006 = ORIENTED_EDGE ( 'NONE', *, *, #979, .T. ) ;
#1007 = SURFACE_STYLE_FILL_AREA ( #597 ) ;
#1008 = DIRECTION ( 'NONE',  ( -0.05227858256393125985, 0.9975347797432078112, 0.04681146235460219990 ) ) ;
#1009 = ORIENTED_EDGE ( 'NONE', *, *, #1358, .T. ) ;
#1010 = CARTESIAN_POINT ( 'NONE',  ( 11.61602218167136158, 9.431476922861151024, 129.3404868868655626 ) ) ;
#1011 = VERTEX_POINT ( 'NONE', #411 ) ;
#1012 = DIRECTION ( 'NONE',  ( -0.05226442768871395611, 0.9972646886342372285, 0.05226442768871396999 ) ) ;
#1013 = DIRECTION ( 'NONE',  ( -0.000000000000000000, -0.000000000000000000, -1.000000000000000000 ) ) ;
#1014 = ORIENTED_EDGE ( 'NONE', *, *, #1483, .F. ) ;
#1015 = VECTOR ( 'NONE', #761, 1000.000000000000000 ) ;
#1016 = CARTESIAN_POINT ( 'NONE',  ( 25.89973962888021930, 6.815757892084772784, 11.88290211742761571 ) ) ;
#1017 = CARTESIAN_POINT ( 'NONE',  ( 28.00000000000000000, 10.99999999999998224, 130.0000000000000000 ) ) ;
#1018 = EDGE_CURVE ( 'NONE', #865, #310, #983, .T. ) ;
#1019 = EDGE_CURVE ( 'NONE', #310, #568, #280, .T. ) ;
#1020 = DIRECTION ( 'NONE',  ( -1.000000000000000000, 0.000000000000000000, 0.000000000000000000 ) ) ;
#1021 = VERTEX_POINT ( 'NONE', #420 ) ;
#1022 = AXIS2_PLACEMENT_3D ( 'NONE', #1477, #325, #1325 ) ;
#1023 = ORIENTED_EDGE ( 'NONE', *, *, #117, .F. ) ;
#1024 = CARTESIAN_POINT ( 'NONE',  ( 73.41257966550230663, 0.000000000000000000, 52.50951937528788704 ) ) ;
#1025 = FACE_OUTER_BOUND ( 'NONE', #389, .T. ) ;
#1026 = CARTESIAN_POINT ( 'NONE',  ( -7.790368882867834799, 14.99999999983492671, 71.00000000000008527 ) ) ;
#1027 = ORIENTED_EDGE ( 'NONE', *, *, #579, .T. ) ;
#1028 = DIRECTION ( 'NONE',  ( 0.05226442768871397693, 0.9972646886342372285, 0.05226442768871396999 ) ) ;
#1029 = VECTOR ( 'NONE', #433, 1000.000000000000000 ) ;
#1030 = DIRECTION ( 'NONE',  ( -1.000000000000000000, 0.000000000000000000, 0.000000000000000000 ) ) ;
#1031 = LINE ( 'NONE', #593, #1229 ) ;
#1032 = ORIENTED_EDGE ( 'NONE', *, *, #1745, .T. ) ;
#1033 = EDGE_CURVE ( 'NONE', #210, #58, #302, .T. ) ;
#1034 = CARTESIAN_POINT ( 'NONE',  ( -13.58951377702118180, 13.34228337883620874, 126.7208032696292861 ) ) ;
#1035 = EDGE_CURVE ( 'NONE', #565, #978, #162, .T. ) ;
#1036 = ORIENTED_EDGE ( 'NONE', *, *, #457, .F. ) ;
#1037 = PLANE ( 'NONE',  #1118 ) ;
#1038 = DIRECTION ( 'NONE',  ( 0.000000000000000000, -0.05233595624294388321, -0.9986295347545739443 ) ) ;
#1039 = ORIENTED_EDGE ( 'NONE', *, *, #518, .T. ) ;
#1040 = DIRECTION ( 'NONE',  ( -1.000000000000000000, -0.000000000000000000, -0.000000000000000000 ) ) ;
#1041 = DIRECTION ( 'NONE',  ( 0.000000000000000000, 0.000000000000000000, 1.000000000000000000 ) ) ;
#1042 = LINE ( 'NONE', #46, #1320 ) ;
#1043 = FACE_OUTER_BOUND ( 'NONE', #1058, .T. ) ;
#1044 = ORIENTED_EDGE ( 'NONE', *, *, #637, .F. ) ;
#1045 = ORIENTED_EDGE ( 'NONE', *, *, #618, .F. ) ;
#1046 = FACE_OUTER_BOUND ( 'NONE', #1431, .T. ) ;
#1047 = CARTESIAN_POINT ( 'NONE',  ( 8.000000000000005329, 14.99999999983492671, 61.20963111713224691 ) ) ;
#1048 = ORIENTED_EDGE ( 'NONE', *, *, #986, .F. ) ;
#1049 = AXIS2_PLACEMENT_3D ( 'NONE', #686, #386, #1372 ) ;
#1050 = CARTESIAN_POINT ( 'NONE',  ( -3.499999999999994227, 18.99999999983492671, 42.50000000000009237 ) ) ;
#1051 = PRODUCT_DEFINITION ( 'UNKNOWN', '', #362, #834 ) ;
#1052 = DIRECTION ( 'NONE',  ( 0.9986295347545739443, -0.05233595624294388321, -1.732346097742555105E-16 ) ) ;
#1053 = ORIENTED_EDGE ( 'NONE', *, *, #512, .T. ) ;
#1054 = EDGE_LOOP ( 'NONE', ( #829, #681, #285, #1524 ) ) ;
#1055 = DIRECTION ( 'NONE',  ( -0.8113749084515885501, 0.06975647374412545509, 0.5803488539714380945 ) ) ;
#1056 = UNCERTAINTY_MEASURE_WITH_UNIT (LENGTH_MEASURE( 1.000000000000000082E-05 ), #214, 'distance_accuracy_value', 'NONE');
#1057 = LINE ( 'NONE', #887, #318 ) ;
#1058 = EDGE_LOOP ( 'NONE', ( #944, #754, #535, #1394 ) ) ;
#1059 = VECTOR ( 'NONE', #1012, 1000.000000000000114 ) ;
#1060 = EDGE_CURVE ( 'NONE', #1573, #758, #140, .T. ) ;
#1061 = CARTESIAN_POINT ( 'NONE',  ( -3.499999999999994227, 18.99999999983492671, 77.50000000000009948 ) ) ;
#1062 = CARTESIAN_POINT ( 'NONE',  ( -12.50000000000000000, 20.99999999995816324, 19.00000000000008527 ) ) ;
#1063 = DIRECTION ( 'NONE',  ( 0.05233595624294389015, 0.9986295347545739443, -0.000000000000000000 ) ) ;
#1064 = ORIENTED_EDGE ( 'NONE', *, *, #1285, .T. ) ;
#1065 = LINE ( 'NONE', #461, #1774 ) ;
#1066 = EDGE_LOOP ( 'NONE', ( #1670, #299, #376, #1585 ) ) ;
#1067 = CARTESIAN_POINT ( 'NONE',  ( -3.500000000006449508, 18.99999999995816324, 77.50000000000009948 ) ) ;
#1068 = DIRECTION ( 'NONE',  ( -0.000000000000000000, -0.000000000000000000, -1.000000000000000000 ) ) ;
#1069 = EDGE_CURVE ( 'NONE', #1623, #1156, #4, .T. ) ;
#1070 = LINE ( 'NONE', #226, #216 ) ;
#1071 = VERTEX_POINT ( 'NONE', #1323 ) ;
#1072 = VECTOR ( 'NONE', #1278, 1000.000000000000000 ) ;
#1073 = ORIENTED_EDGE ( 'NONE', *, *, #1216, .F. ) ;
#1074 = DIRECTION ( 'NONE',  ( 0.05233595624294388321, -0.9986295347545739443, 0.000000000000000000 ) ) ;
#1075 = PLANE ( 'NONE',  #1113 ) ;
#1076 = VECTOR ( 'NONE', #1068, 1000.000000000000000 ) ;
#1077 = DIRECTION ( 'NONE',  ( 0.000000000000000000, 0.9986295347545739443, -0.05233595624294388321 ) ) ;
#1078 =( LENGTH_UNIT ( ) NAMED_UNIT ( * ) SI_UNIT ( .MILLI., .METRE. ) );
#1079 = FACE_OUTER_BOUND ( 'NONE', #1277, .T. ) ;
#1080 = ORIENTED_EDGE ( 'NONE', *, *, #986, .T. ) ;
#1081 = ORIENTED_EDGE ( 'NONE', *, *, #1451, .F. ) ;
#1082 = CARTESIAN_POINT ( 'NONE',  ( -11.89879090975626319, 0.000000000000000000, -8.510800119886676285 ) ) ;
#1083 = LINE ( 'NONE', #962, #418 ) ;
#1084 = AXIS2_PLACEMENT_3D ( 'NONE', #1215, #1184, #1074 ) ;
#1085 = EDGE_CURVE ( 'NONE', #50, #856, #1210, .T. ) ;
#1086 = FACE_OUTER_BOUND ( 'NONE', #802, .T. ) ;
#1087 = CARTESIAN_POINT ( 'NONE',  ( 0.000000000000000000, 0.000000000000000000, 0.000000000000000000 ) ) ;
#1088 = LINE ( 'NONE', #76, #1532 ) ;
#1089 = DIRECTION ( 'NONE',  ( 0.000000000000000000, 0.000000000000000000, 1.000000000000000000 ) ) ;
#1090 = ORIENTED_EDGE ( 'NONE', *, *, #45, .T. ) ;
#1091 = EDGE_CURVE ( 'NONE', #693, #382, #598, .T. ) ;
#1092 = EDGE_CURVE ( 'NONE', #797, #844, #757, .T. ) ;
#1093 = VERTEX_POINT ( 'NONE', #471 ) ;
#1094 = CARTESIAN_POINT ( 'NONE',  ( 4.383977818328640197, 9.431476922861154577, 132.3404868868609867 ) ) ;
#1095 = DIRECTION ( 'NONE',  ( 0.000000000000000000, -0.000000000000000000, -1.000000000000000000 ) ) ;
#1096 = LINE ( 'NONE', #371, #1558 ) ;
#1097 = DIRECTION ( 'NONE',  ( 0.000000000000000000, 0.000000000000000000, 1.000000000000000000 ) ) ;
#1098 = CARTESIAN_POINT ( 'NONE',  ( 3.290368882867839684, 14.99999999983492671, 77.50000000000009948 ) ) ;
#1099 = VERTEX_POINT ( 'NONE', #32 ) ;
#1100 = ORIENTED_EDGE ( 'NONE', *, *, #566, .F. ) ;
#1101 =( BOUNDED_CURVE ( )  B_SPLINE_CURVE ( 3, ( #531, #1525, #1094, #1237 ),
 .UNSPECIFIED., .F., .T. ) 
 B_SPLINE_CURVE_WITH_KNOTS ( ( 4, 4 ),
 ( 4.764748857944518967, 7.801621756414653497 ),
 .UNSPECIFIED. ) 
 CURVE ( )  GEOMETRIC_REPRESENTATION_ITEM ( )  RATIONAL_B_SPLINE_CURVE ( ( 1.000000000000000000, 0.3682239708286288438, 0.3682239708286288438, 1.000000000000000000 ) ) 
 REPRESENTATION_ITEM ( '' )  );
#1102 = DIRECTION ( 'NONE',  ( 0.5568243486981288015, -0.2097866522895998065, -0.8037015647726630796 ) ) ;
#1103 = EDGE_CURVE ( 'NONE', #1472, #422, #1746, .T. ) ;
#1104 = DIRECTION ( 'NONE',  ( 0.8113749084515884391, 0.06975647374412546897, -0.5803488539714383165 ) ) ;
#1105 = DIRECTION ( 'NONE',  ( -0.000000000000000000, 1.000000000000000000, -0.000000000000000000 ) ) ;
#1106 = CARTESIAN_POINT ( 'NONE',  ( 8.000000000000005329, 14.99999999983492671, 26.20963111713224691 ) ) ;
#1107 = ORIENTED_EDGE ( 'NONE', *, *, #736, .T. ) ;
#1108 = VECTOR ( 'NONE', #947, 999.9999999999998863 ) ;
#1109 = PLANE ( 'NONE',  #660 ) ;
#1110 = ORIENTED_EDGE ( 'NONE', *, *, #44, .F. ) ;
#1111 = LINE ( 'NONE', #1082, #1799 ) ;
#1112 = CARTESIAN_POINT ( 'NONE',  ( 14.17201021206130918, 9.338163154032130819, 129.3470120212301708 ) ) ;
#1113 = AXIS2_PLACEMENT_3D ( 'NONE', #946, #1379, #659 ) ;
#1114 = ADVANCED_FACE ( 'NONE', ( #1737 ), #1338, .T. ) ;
#1115 = CARTESIAN_POINT ( 'NONE',  ( 73.41257966550230663, 0.000000000000000000, 52.50951937528788704 ) ) ;
#1116 = ADVANCED_FACE ( 'NONE', ( #463 ), #1456, .F. ) ;
#1117 = CARTESIAN_POINT ( 'NONE',  ( 4.000000000000006217, 18.99999999983492671, 70.00000000000008527 ) ) ;
#1118 = AXIS2_PLACEMENT_3D ( 'NONE', #1637, #617, #485 ) ;
#1119 = EDGE_LOOP ( 'NONE', ( #740, #1388, #7, #11, #1366, #247 ) ) ;
#1120 = ORIENTED_EDGE ( 'NONE', *, *, #618, .T. ) ;
#1121 = VECTOR ( 'NONE', #1170, 1000.000000000000000 ) ;
#1122 = LINE ( 'NONE', #1226, #1656 ) ;
#1123 = LINE ( 'NONE', #703, #647 ) ;
#1124 = ORIENTED_EDGE ( 'NONE', *, *, #563, .F. ) ;
#1125 = PRODUCT ( 'Shelling&Ribs', 'Shelling&Ribs', '', ( #360 ) ) ;
#1126 = FACE_OUTER_BOUND ( 'NONE', #152, .T. ) ;
#1127 = LINE ( 'NONE', #1106, #1705 ) ;
#1128 = EDGE_CURVE ( 'NONE', #605, #683, #1475, .T. ) ;
#1129 = ORIENTED_EDGE ( 'NONE', *, *, #102, .F. ) ;
#1130 = VERTEX_POINT ( 'NONE', #1758 ) ;
#1131 = DIRECTION ( 'NONE',  ( 0.05233595624294388321, 0.9986295347545739443, 0.000000000000000000 ) ) ;
#1132 = CARTESIAN_POINT ( 'NONE',  ( -9.000000000000000000, 20.99999999990131982, 110.9999999999999147 ) ) ;
#1133 = AXIS2_PLACEMENT_3D ( 'NONE', #349, #1766, #487 ) ;
#1134 = PLANE ( 'NONE',  #1508 ) ;
#1135 = DIRECTION ( 'NONE',  ( -0.05226442768871396999, 0.9972646886342372285, -0.05226442768871396999 ) ) ;
#1136 = VERTEX_POINT ( 'NONE', #60 ) ;
#1137 = AXIS2_PLACEMENT_3D ( 'NONE', #344, #1592, #317 ) ;
#1138 = VECTOR ( 'NONE', #1270, 1000.000000000000000 ) ;
#1139 = DIRECTION ( 'NONE',  ( 0.000000000000000000, 0.000000000000000000, 1.000000000000000000 ) ) ;
#1140 = ORIENTED_EDGE ( 'NONE', *, *, #1092, .F. ) ;
#1141 = PLANE ( 'NONE',  #645 ) ;
#1142 = CARTESIAN_POINT ( 'NONE',  ( -3.290368882867829470, 14.99999999983492671, 81.79036888286790941 ) ) ;
#1143 = ORIENTED_EDGE ( 'NONE', *, *, #926, .F. ) ;
#1144 = FACE_OUTER_BOUND ( 'NONE', #1404, .T. ) ;
#1145 = EDGE_CURVE ( 'NONE', #951, #1130, #1057, .T. ) ;
#1146 = ADVANCED_FACE ( 'NONE', ( #478 ), #1618, .F. ) ;
#1147 = LINE ( 'NONE', #554, #1411 ) ;
#1148 = EDGE_LOOP ( 'NONE', ( #888, #1355, #1260, #646 ) ) ;
#1149 = VECTOR ( 'NONE', #286, 999.9999999999998863 ) ;
#1150 = CARTESIAN_POINT ( 'NONE',  ( -9.000000000000000000, 13.99999999990131982, 110.6331455450186354 ) ) ;
#1151 = ORIENTED_EDGE ( 'NONE', *, *, #786, .F. ) ;
#1152 = CARTESIAN_POINT ( 'NONE',  ( -17.50000000000000000, 21.00000000000000000, 130.0000000000000000 ) ) ;
#1153 = CARTESIAN_POINT ( 'NONE',  ( 3.500000000000004885, 18.99999999983492671, 47.00000000000007105 ) ) ;
#1154 = EDGE_LOOP ( 'NONE', ( #217, #160, #731, #207 ) ) ;
#1155 = FACE_OUTER_BOUND ( 'NONE', #1407, .T. ) ;
#1156 = VERTEX_POINT ( 'NONE', #340 ) ;
#1157 = ORIENTED_EDGE ( 'NONE', *, *, #264, .T. ) ;
#1158 = CARTESIAN_POINT ( 'NONE',  ( -17.99972205149944671, -0.3739340849541936129, -0.02614801843786075664 ) ) ;
#1159 = EDGE_CURVE ( 'NONE', #951, #1136, #1182, .T. ) ;
#1160 = EDGE_CURVE ( 'NONE', #1021, #1784, #180, .T. ) ;
#1161 = CARTESIAN_POINT ( 'NONE',  ( 17.85024913807346891, 3.783067840632235779, 129.7354621265385788 ) ) ;
#1162 = ADVANCED_FACE ( 'NONE', ( #1605 ), #329, .T. ) ;
#1163 = DIRECTION ( 'NONE',  ( -0.000000000000000000, 1.000000000000000000, 0.000000000000000000 ) ) ;
#1164 = CARTESIAN_POINT ( 'NONE',  ( -12.49999999999998757, 20.99999999995816324, 94.00000000000008527 ) ) ;
#1165 = VERTEX_POINT ( 'NONE', #1587 ) ;
#1166 = AXIS2_PLACEMENT_3D ( 'NONE', #1677, #969, #12 ) ;
#1167 = ORIENTED_EDGE ( 'NONE', *, *, #1145, .F. ) ;
#1168 = VECTOR ( 'NONE', #242, 1000.000000000000114 ) ;
#1169 = CARTESIAN_POINT ( 'NONE',  ( 4.000000000000006217, 18.99999999983492671, 35.00000000000008527 ) ) ;
#1170 = DIRECTION ( 'NONE',  ( -9.251858538542971581E-17, -0.000000000000000000, -1.000000000000000000 ) ) ;
#1171 = ORIENTED_EDGE ( 'NONE', *, *, #1630, .T. ) ;
#1172 = AXIS2_PLACEMENT_3D ( 'NONE', #1575, #290, #863 ) ;
#1173 = CARTESIAN_POINT ( 'NONE',  ( -4.209631117132161648, 14.99999999983492671, 71.00000000000008527 ) ) ;
#1174 = ADVANCED_FACE ( 'NONE', ( #1485 ), #629, .T. ) ;
#1175 = EDGE_CURVE ( 'NONE', #1221, #1472, #1494, .T. ) ;
#1176 = LINE ( 'NONE', #205, #37 ) ;
#1177 = VERTEX_POINT ( 'NONE', #588 ) ;
#1178 = VECTOR ( 'NONE', #175, 1000.000000000000000 ) ;
#1179 = EDGE_LOOP ( 'NONE', ( #434, #1716, #141, #1213 ) ) ;
#1180 = DIRECTION ( 'NONE',  ( 0.8113749084515887722, 0.06975647374412544122, 0.5803488539714377614 ) ) ;
#1181 = DIRECTION ( 'NONE',  ( -0.5568243486981284684, -0.2097866522895999730, -0.8037015647726633016 ) ) ;
#1182 = LINE ( 'NONE', #453, #261 ) ;
#1183 = VERTEX_POINT ( 'NONE', #1161 ) ;
#1184 = DIRECTION ( 'NONE',  ( -0.9986295347545739443, -0.05233595624294388321, 0.000000000000000000 ) ) ;
#1185 = EDGE_CURVE ( 'NONE', #1654, #718, #1727, .T. ) ;
#1186 = CARTESIAN_POINT ( 'NONE',  ( 17.96316499461718408, 0.6427568483411981726, 129.9550540627406292 ) ) ;
#1187 = DIRECTION ( 'NONE',  ( 0.5863281493267928912, -0.8100736394347233249, 0.000000000000000000 ) ) ;
#1188 = LINE ( 'NONE', #1752, #601 ) ;
#1189 = ORIENTED_EDGE ( 'NONE', *, *, #784, .T. ) ;
#1190 = CARTESIAN_POINT ( 'NONE',  ( 3.480879007188603325, 18.63514972239550360, 46.98087900718866905 ) ) ;
#1191 = DIRECTION ( 'NONE',  ( -0.05220881640815368957, 0.9962035621884733905, -0.06966133915060870874 ) ) ;
#1192 = VERTEX_POINT ( 'NONE', #1709 ) ;
#1193 = DIRECTION ( 'NONE',  ( -0.000000000000000000, 0.8137334712067357811, 0.5812381937190953529 ) ) ;
#1194 = DIRECTION ( 'NONE',  ( -0.05233595624294387627, 0.9986295347545739443, -0.000000000000000000 ) ) ;
#1195 = ORIENTED_EDGE ( 'NONE', *, *, #705, .T. ) ;
#1196 = VERTEX_POINT ( 'NONE', #1698 ) ;
#1197 = DIRECTION ( 'NONE',  ( 0.05233595624294388321, -0.9986295347545739443, 0.000000000000000000 ) ) ;
#1198 = DIRECTION ( 'NONE',  ( -1.000000000000000000, 0.000000000000000000, 0.000000000000000000 ) ) ;
#1199 = EDGE_LOOP ( 'NONE', ( #722, #292, #476, #589 ) ) ;
#1200 = LINE ( 'NONE', #1601, #223 ) ;
#1201 = LINE ( 'NONE', #1771, #749 ) ;
#1202 = DIRECTION ( 'NONE',  ( 0.05233595624294388321, -0.9986295347545739443, 0.000000000000000000 ) ) ;
#1203 = LINE ( 'NONE', #1344, #633 ) ;
#1204 = ORIENTED_EDGE ( 'NONE', *, *, #730, .T. ) ;
#1205 = LINE ( 'NONE', #766, #258 ) ;
#1206 = EDGE_LOOP ( 'NONE', ( #710, #300, #1064, #1266, #16, #174, #1753, #555, #1703, #321, #747, #1827 ) ) ;
#1207 = DIRECTION ( 'NONE',  ( 0.000000000000000000, -0.9986295347545739443, -0.05233595624294388321 ) ) ;
#1208 = FACE_OUTER_BOUND ( 'NONE', #522, .T. ) ;
#1209 = DIRECTION ( 'NONE',  ( 0.000000000000000000, -0.000000000000000000, 1.000000000000000000 ) ) ;
#1210 = CIRCLE ( 'NONE', #1304, 3.290368882867836131 ) ;
#1211 = CARTESIAN_POINT ( 'NONE',  ( 3.889695057442238646, 0.000000000000000000, 132.9999999999954525 ) ) ;
#1212 = EDGE_LOOP ( 'NONE', ( #713, #440, #699, #968 ) ) ;
#1213 = ORIENTED_EDGE ( 'NONE', *, *, #1019, .F. ) ;
#1214 = EDGE_CURVE ( 'NONE', #1292, #33, #275, .T. ) ;
#1215 = CARTESIAN_POINT ( 'NONE',  ( -9.000000000000000000, 20.99999999990131982, 110.9999999999999147 ) ) ;
#1216 = EDGE_CURVE ( 'NONE', #203, #865, #700, .T. ) ;
#1217 = DIRECTION ( 'NONE',  ( 0.05226442768871395611, 0.9972646886342372285, -0.05226442768871396999 ) ) ;
#1218 = DIRECTION ( 'NONE',  ( 0.05233595624293693738, 0.9986295347545742773, 0.000000000000000000 ) ) ;
#1219 = CARTESIAN_POINT ( 'NONE',  ( 8.000000000000005329, 18.99999999983492671, 61.00000000000008527 ) ) ;
#1220 = CARTESIAN_POINT ( 'NONE',  ( -3.499999999999994227, 18.99999999983492671, 77.50000000000009948 ) ) ;
#1221 = VERTEX_POINT ( 'NONE', #145 ) ;
#1222 = CARTESIAN_POINT ( 'NONE',  ( 8.000000000000005329, 18.99999999983492671, 26.00000000000008171 ) ) ;
#1223 = AXIS2_PLACEMENT_3D ( 'NONE', #789, #499, #1769 ) ;
#1224 = VERTEX_POINT ( 'NONE', #1291 ) ;
#1225 = EDGE_CURVE ( 'NONE', #391, #836, #1262, .T. ) ;
#1226 = CARTESIAN_POINT ( 'NONE',  ( 17.99972205149945026, -0.3739340849541938350, -0.02614801843786249136 ) ) ;
#1227 = VECTOR ( 'NONE', #378, 1000.000000000000000 ) ;
#1228 = DIRECTION ( 'NONE',  ( -0.000000000000000000, -0.000000000000000000, -1.000000000000000000 ) ) ;
#1229 = VECTOR ( 'NONE', #1020, 1000.000000000000000 ) ;
#1230 = AXIS2_PLACEMENT_3D ( 'NONE', #1335, #771, #1209 ) ;
#1231 = DIRECTION ( 'NONE',  ( 1.000000000000000000, 0.000000000000000000, 0.000000000000000000 ) ) ;
#1232 = CARTESIAN_POINT ( 'NONE',  ( 7.790368882867841904, 14.99999999983492671, 70.00000000000008527 ) ) ;
#1233 = EDGE_CURVE ( 'NONE', #1136, #50, #692, .T. ) ;
#1234 = EDGE_CURVE ( 'NONE', #775, #758, #822, .T. ) ;
#1235 = ORIENTED_EDGE ( 'NONE', *, *, #705, .F. ) ;
#1236 = ORIENTED_EDGE ( 'NONE', *, *, #1632, .T. ) ;
#1237 = CARTESIAN_POINT ( 'NONE',  ( 4.005481860981711328, 2.209343824971774950, 132.8455076298281199 ) ) ;
#1238 = CARTESIAN_POINT ( 'NONE',  ( 12.50000000000000000, 20.99999999995816324, 19.00000000000008527 ) ) ;
#1239 = CARTESIAN_POINT ( 'NONE',  ( 11.89879090975627207, 0.000000000000000000, -8.510800119886678061 ) ) ;
#1240 = VECTOR ( 'NONE', #607, 1000.000000000000000 ) ;
#1241 = CARTESIAN_POINT ( 'NONE',  ( 17.50000000000000000, 21.00000000000000000, 14.00000000000006750 ) ) ;
#1242 = SURFACE_STYLE_FILL_AREA ( #86 ) ;
#1243 = DIRECTION ( 'NONE',  ( -0.05220881640815368957, -0.9962035621884733905, 0.06966133915060870874 ) ) ;
#1244 = ORIENTED_EDGE ( 'NONE', *, *, #1563, .F. ) ;
#1245 = ADVANCED_FACE ( 'NONE', ( #1414 ), #970, .F. ) ;
#1246 = EDGE_LOOP ( 'NONE', ( #1120, #506, #1306, #1492 ) ) ;
#1247 = DIRECTION ( 'NONE',  ( 0.5863281493267925581, 0.8100736394347234359, 0.000000000000000000 ) ) ;
#1248 = DIRECTION ( 'NONE',  ( -0.6591840345502911758, 0.4771148402179123948, 0.5812381937190952419 ) ) ;
#1249 = PLANE ( 'NONE',  #458 ) ;
#1250 = LINE ( 'NONE', #1534, #155 ) ;
#1251 = ORIENTED_EDGE ( 'NONE', *, *, #251, .F. ) ;
#1252 = PLANE ( 'NONE',  #1166 ) ;
#1253 = LINE ( 'NONE', #267, #1610 ) ;
#1254 = ORIENTED_EDGE ( 'NONE', *, *, #847, .F. ) ;
#1255 = EDGE_CURVE ( 'NONE', #797, #1756, #1560, .T. ) ;
#1256 = EDGE_CURVE ( 'NONE', #97, #347, #1253, .T. ) ;
#1257 = LINE ( 'NONE', #930, #642 ) ;
#1258 = LINE ( 'NONE', #527, #989 ) ;
#1259 = PLANE ( 'NONE',  #957 ) ;
#1260 = ORIENTED_EDGE ( 'NONE', *, *, #730, .F. ) ;
#1261 = AXIS2_PLACEMENT_3D ( 'NONE', #1241, #436, #1295 ) ;
#1262 = LINE ( 'NONE', #1544, #34 ) ;
#1263 = VERTEX_POINT ( 'NONE', #8 ) ;
#1264 = CARTESIAN_POINT ( 'NONE',  ( -3.499999999999994227, 18.99999999983492671, 42.50000000000009237 ) ) ;
#1265 = LINE ( 'NONE', #1112, #796 ) ;
#1266 = ORIENTED_EDGE ( 'NONE', *, *, #1234, .T. ) ;
#1267 = VECTOR ( 'NONE', #1739, 1000.000000000000000 ) ;
#1268 = DIRECTION ( 'NONE',  ( 0.9986295347545738332, -0.05233595624294459098, 0.000000000000000000 ) ) ;
#1269 = CARTESIAN_POINT ( 'NONE',  ( 5.204170427930421283E-15, 18.99999999983492671, 42.50000000000009237 ) ) ;
#1270 = DIRECTION ( 'NONE',  ( -1.000000000000000000, 0.000000000000000000, 0.000000000000000000 ) ) ;
#1271 = ORIENTED_EDGE ( 'NONE', *, *, #744, .F. ) ;
#1272 = ORIENTED_EDGE ( 'NONE', *, *, #511, .F. ) ;
#1273 = AXIS2_PLACEMENT_3D ( 'NONE', #746, #1038, #192 ) ;
#1274 = DIRECTION ( 'NONE',  ( -0.000000000000000000, -0.000000000000000000, -1.000000000000000000 ) ) ;
#1275 = ORIENTED_EDGE ( 'NONE', *, *, #500, .T. ) ;
#1276 = LINE ( 'NONE', #1714, #1734 ) ;
#1277 = EDGE_LOOP ( 'NONE', ( #29, #515, #704, #159 ) ) ;
#1278 = DIRECTION ( 'NONE',  ( -0.000000000000000000, -0.000000000000000000, -1.000000000000000000 ) ) ;
#1279 = ORIENTED_EDGE ( 'NONE', *, *, #578, .F. ) ;
#1280 = CARTESIAN_POINT ( 'NONE',  ( 28.00000000000000000, 0.000000000000000000, 115.9999999999999716 ) ) ;
#1281 = DIRECTION ( 'NONE',  ( 0.000000000000000000, -0.000000000000000000, -1.000000000000000000 ) ) ;
#1282 = ORIENTED_EDGE ( 'NONE', *, *, #774, .F. ) ;
#1283 = ADVANCED_FACE ( 'NONE', ( #536 ), #1109, .F. ) ;
#1284 = CARTESIAN_POINT ( 'NONE',  ( 12.11030494255776091, 0.000000000000000000, 130.0000000000000000 ) ) ;
#1285 = EDGE_CURVE ( 'NONE', #1011, #775, #831, .T. ) ;
#1286 = CIRCLE ( 'NONE', #481, 3.500000000000003109 ) ;
#1287 = VERTEX_POINT ( 'NONE', #1432 ) ;
#1288 = STYLED_ITEM ( 'NONE', ( #1652 ), #561 ) ;
#1289 = EDGE_CURVE ( 'NONE', #959, #479, #1467, .T. ) ;
#1290 = AXIS2_PLACEMENT_3D ( 'NONE', #509, #800, #1795 ) ;
#1291 = CARTESIAN_POINT ( 'NONE',  ( 8.633145545018710010, 13.99999999990131982, 103.3668544549812083 ) ) ;
#1292 = VERTEX_POINT ( 'NONE', #17 ) ;
#1293 =( NAMED_UNIT ( * ) SI_UNIT ( $, .STERADIAN. ) SOLID_ANGLE_UNIT ( ) );
#1294 = CARTESIAN_POINT ( 'NONE',  ( 27.63314554501876685, 7.000000000000000000, 14.32849003677509536 ) ) ;
#1295 = DIRECTION ( 'NONE',  ( 0.6613690321426900498, 0.000000000000000000, 0.7500606664281506131 ) ) ;
#1296 = DIRECTION ( 'NONE',  ( 0.000000000000000000, 1.000000000000000000, 0.000000000000000000 ) ) ;
#1297 = CARTESIAN_POINT ( 'NONE',  ( -17.85024913807342628, 3.783067840632272638, 0.2645378734614355354 ) ) ;
#1298 = EDGE_CURVE ( 'NONE', #33, #1099, #576, .T. ) ;
#1299 = VECTOR ( 'NONE', #477, 1000.000000000000000 ) ;
#1300 = ORIENTED_EDGE ( 'NONE', *, *, #1035, .F. ) ;
#1301 = ADVANCED_FACE ( 'NONE', ( #556 ), #1717, .F. ) ;
#1302 = EDGE_CURVE ( 'NONE', #701, #276, #1624, .T. ) ;
#1303 =( NAMED_UNIT ( * ) PLANE_ANGLE_UNIT ( ) SI_UNIT ( $, .RADIAN. ) );
#1304 = AXIS2_PLACEMENT_3D ( 'NONE', #1599, #767, #735 ) ;
#1305 = DIRECTION ( 'NONE',  ( 0.05226442768871397693, 0.9972646886342372285, 0.05226442768871396999 ) ) ;
#1306 = ORIENTED_EDGE ( 'NONE', *, *, #1439, .F. ) ;
#1307 = CARTESIAN_POINT ( 'NONE',  ( 4.010926281606521648, 18.79151412701239821, 61.01092628160660070 ) ) ;
#1308 = ORIENTED_EDGE ( 'NONE', *, *, #375, .T. ) ;
#1309 = ORIENTED_EDGE ( 'NONE', *, *, #1326, .F. ) ;
#1310 = DIRECTION ( 'NONE',  ( -1.734723475976806108E-16, 0.000000000000000000, 1.000000000000000000 ) ) ;
#1311 = EDGE_LOOP ( 'NONE', ( #1530, #181, #1577, #296 ) ) ;
#1312 = EDGE_CURVE ( 'NONE', #1636, #1568, #332, .T. ) ;
#1313 = EDGE_CURVE ( 'NONE', #1654, #1606, #610, .T. ) ;
#1314 = CARTESIAN_POINT ( 'NONE',  ( -3.999999999999996447, 14.99999999983492671, 70.79036888286792362 ) ) ;
#1315 = VECTOR ( 'NONE', #1424, 1000.000000000000114 ) ;
#1316 = CARTESIAN_POINT ( 'NONE',  ( -3.999999999999998224, 18.99999999983492671, 61.00000000000009237 ) ) ;
#1317 = ORIENTED_EDGE ( 'NONE', *, *, #1069, .F. ) ;
#1318 = MECHANICAL_DESIGN_GEOMETRIC_PRESENTATION_REPRESENTATION (  '', ( #1288 ), #246 ) ;
#1319 = EDGE_LOOP ( 'NONE', ( #38, #400, #244, #1561 ) ) ;
#1320 = VECTOR ( 'NONE', #1741, 1000.000000000000000 ) ;
#1321 = CARTESIAN_POINT ( 'NONE',  ( -73.41257966550229241, 0.000000000000000000, 52.50951937528792257 ) ) ;
#1322 = UNCERTAINTY_MEASURE_WITH_UNIT (LENGTH_MEASURE( 1.000000000000000082E-05 ), #1078, 'distance_accuracy_value', 'NONE');
#1323 = CARTESIAN_POINT ( 'NONE',  ( 11.99451813901828956, 2.209343824971774950, 132.8455076298281199 ) ) ;
#1324 = EDGE_LOOP ( 'NONE', ( #1151, #1254, #795, #1625 ) ) ;
#1325 = DIRECTION ( 'NONE',  ( -1.000000000000000000, 0.000000000000000000, 0.000000000000000000 ) ) ;
#1326 = EDGE_CURVE ( 'NONE', #1136, #606, #631, .T. ) ;
#1327 = FACE_OUTER_BOUND ( 'NONE', #1206, .T. ) ;
#1328 = ORIENTED_EDGE ( 'NONE', *, *, #264, .F. ) ;
#1329 = AXIS2_PLACEMENT_3D ( 'NONE', #259, #937, #1247 ) ;
#1330 = LINE ( 'NONE', #51, #967 ) ;
#1331 = CARTESIAN_POINT ( 'NONE',  ( 12.12121575075712521, -0.2081906226256515224, 130.0145581065167448 ) ) ;
#1332 = ORIENTED_EDGE ( 'NONE', *, *, #1233, .T. ) ;
#1333 = DIRECTION ( 'NONE',  ( 0.05226442768871396305, 0.9972646886342372285, 0.05226442768871396999 ) ) ;
#1334 = DIRECTION ( 'NONE',  ( 1.000000000000000000, 0.000000000000000000, 0.000000000000000000 ) ) ;
#1335 = CARTESIAN_POINT ( 'NONE',  ( -28.00000000000000000, 0.000000000000000000, 130.0000000000000000 ) ) ;
#1336 = ORIENTED_EDGE ( 'NONE', *, *, #1128, .F. ) ;
#1337 = DIRECTION ( 'NONE',  ( 0.5817660067243609623, 0.000000000000000000, -0.8133562032836478828 ) ) ;
#1338 = PLANE ( 'NONE',  #972 ) ;
#1339 = EDGE_LOOP ( 'NONE', ( #1523, #514, #942, #1465 ) ) ;
#1340 = DIRECTION ( 'NONE',  ( -0.05220881640815368957, -0.9962035621884733905, 0.06966133915060870874 ) ) ;
#1341 = CARTESIAN_POINT ( 'NONE',  ( 8.000000000000007105, 18.99999999983492671, 70.00000000000008527 ) ) ;
#1342 = ADVANCED_FACE ( 'NONE', ( #62 ), #1496, .F. ) ;
#1343 = DIRECTION ( 'NONE',  ( 1.850371707708594316E-16, 0.000000000000000000, 1.000000000000000000 ) ) ;
#1344 = CARTESIAN_POINT ( 'NONE',  ( -7.972684295983712310, 18.47878531777860545, 35.97268429598380379 ) ) ;
#1345 = ORIENTED_EDGE ( 'NONE', *, *, #563, .T. ) ;
#1346 = CARTESIAN_POINT ( 'NONE',  ( 4.005481860981711328, 2.209343824971774950, 129.8455076298326674 ) ) ;
#1347 = ORIENTED_EDGE ( 'NONE', *, *, #912, .T. ) ;
#1348 = AXIS2_PLACEMENT_3D ( 'NONE', #914, #95, #1641 ) ;
#1349 = CARTESIAN_POINT ( 'NONE',  ( -8.000000000000000000, 18.99999999983492671, 36.00000000000009237 ) ) ;
#1350 = CARTESIAN_POINT ( 'NONE',  ( 3.500000000000004885, 18.99999999983492671, 77.50000000000009948 ) ) ;
#1351 = AXIS2_PLACEMENT_3D ( 'NONE', #592, #1268, #574 ) ;
#1352 = DIRECTION ( 'NONE',  ( 0.05233595624294388321, 0.9986295347545739443, 0.000000000000000000 ) ) ;
#1353 = CARTESIAN_POINT ( 'NONE',  ( -3.999999999999998224, 18.99999999983492671, 61.00000000000009237 ) ) ;
#1354 = EDGE_CURVE ( 'NONE', #58, #895, #1607, .T. ) ;
#1355 = ORIENTED_EDGE ( 'NONE', *, *, #926, .T. ) ;
#1356 = AXIS2_PLACEMENT_3D ( 'NONE', #685, #1507, #678 ) ;
#1357 = CARTESIAN_POINT ( 'NONE',  ( 4.000000000000006217, 18.99999999983492671, 70.00000000000008527 ) ) ;
#1358 = EDGE_CURVE ( 'NONE', #1713, #236, #920, .T. ) ;
#1359 = EDGE_LOOP ( 'NONE', ( #627, #851, #220, #1053 ) ) ;
#1360 = FACE_OUTER_BOUND ( 'NONE', #450, .T. ) ;
#1361 = VECTOR ( 'NONE', #1416, 1000.000000000000114 ) ;
#1362 = CARTESIAN_POINT ( 'NONE',  ( -9.000000000000000000, 20.99999999990131982, 110.9999999999999147 ) ) ;
#1363 = PLANE ( 'NONE',  #636 ) ;
#1364 = VECTOR ( 'NONE', #974, 1000.000000000000000 ) ;
#1365 = LINE ( 'NONE', #1491, #1820 ) ;
#1366 = ORIENTED_EDGE ( 'NONE', *, *, #1313, .T. ) ;
#1367 = ORIENTED_EDGE ( 'NONE', *, *, #977, .F. ) ;
#1368 = LINE ( 'NONE', #1828, #611 ) ;
#1369 = ADVANCED_FACE ( 'NONE', ( #1360 ), #211, .F. ) ;
#1370 = PLANE ( 'NONE',  #1356 ) ;
#1371 = ADVANCED_FACE ( 'NONE', ( #81 ), #649, .F. ) ;
#1372 = DIRECTION ( 'NONE',  ( 0.000000000000000000, -0.9975640502598241977, 0.06975647374412545509 ) ) ;
#1373 = LINE ( 'NONE', #924, #866 ) ;
#1374 = ORIENTED_EDGE ( 'NONE', *, *, #1233, .F. ) ;
#1375 = LINE ( 'NONE', #390, #1471 ) ;
#1376 = VECTOR ( 'NONE', #256, 1000.000000000000000 ) ;
#1377 = EDGE_LOOP ( 'NONE', ( #1576, #136, #1747, #1332 ) ) ;
#1378 = LINE ( 'NONE', #402, #401 ) ;
#1379 = DIRECTION ( 'NONE',  ( -0.9986295347545743883, -0.05233595624293595205, 0.000000000000000000 ) ) ;
#1380 = VECTOR ( 'NONE', #1063, 1000.000000000000000 ) ;
#1381 = AXIS2_PLACEMENT_3D ( 'NONE', #503, #1667, #1202 ) ;
#1382 = AXIS2_PLACEMENT_3D ( 'NONE', #1762, #739, #196 ) ;
#1383 = FACE_OUTER_BOUND ( 'NONE', #1199, .T. ) ;
#1384 = ADVANCED_FACE ( 'NONE', ( #473 ), #383, .F. ) ;
#1385 = CARTESIAN_POINT ( 'NONE',  ( 3.500000000000004885, 18.99999999983492671, 42.50000000000009237 ) ) ;
#1386 = VERTEX_POINT ( 'NONE', #1405 ) ;
#1387 = CARTESIAN_POINT ( 'NONE',  ( 4.000000000000005329, 18.99999999983492671, 26.00000000000008171 ) ) ;
#1388 = ORIENTED_EDGE ( 'NONE', *, *, #1019, .T. ) ;
#1389 = LINE ( 'NONE', #238, #346 ) ;
#1390 = PLANE ( 'NONE',  #1470 ) ;
#1391 = VECTOR ( 'NONE', #711, 1000.000000000000000 ) ;
#1392 = CARTESIAN_POINT ( 'NONE',  ( -4.209631117132161648, 14.99999999983492671, 36.00000000000009237 ) ) ;
#1393 = CARTESIAN_POINT ( 'NONE',  ( 12.11030494255776091, 0.000000000000000000, 132.9999999999954525 ) ) ;
#1394 = ORIENTED_EDGE ( 'NONE', *, *, #1609, .T. ) ;
#1395 = FACE_OUTER_BOUND ( 'NONE', #929, .T. ) ;
#1396 = ORIENTED_EDGE ( 'NONE', *, *, #902, .T. ) ;
#1397 = DIRECTION ( 'NONE',  ( -0.5863281493267928912, 0.8100736394347233249, -0.000000000000000000 ) ) ;
#1398 = PLANE ( 'NONE',  #1591 ) ;
#1399 = EDGE_CURVE ( 'NONE', #479, #919, #229, .T. ) ;
#1400 = FACE_OUTER_BOUND ( 'NONE', #381, .T. ) ;
#1401 = LINE ( 'NONE', #1238, #1138 ) ;
#1402 = EDGE_LOOP ( 'NONE', ( #1009, #878, #582, #883 ) ) ;
#1403 = CARTESIAN_POINT ( 'NONE',  ( 5.204170427930421283E-15, 14.99999999983492671, 42.50000000000009237 ) ) ;
#1404 = EDGE_LOOP ( 'NONE', ( #891, #1480, #460, #1689 ) ) ;
#1405 = CARTESIAN_POINT ( 'NONE',  ( 3.500000000000004885, 18.99999999983492671, 42.50000000000009237 ) ) ;
#1406 = CARTESIAN_POINT ( 'NONE',  ( -4.027315704016285913, 18.47878531777860545, 26.02731570401637384 ) ) ;
#1407 = EDGE_LOOP ( 'NONE', ( #1004, #200, #1039, #68, #121, #24 ) ) ;
#1408 = AXIS2_PLACEMENT_3D ( 'NONE', #87, #1635, #504 ) ;
#1409 = LINE ( 'NONE', #1307, #1674 ) ;
#1410 = CARTESIAN_POINT ( 'NONE',  ( -3.499999999999994227, 18.99999999983492671, 82.00000000000007105 ) ) ;
#1411 = VECTOR ( 'NONE', #1135, 1000.000000000000114 ) ;
#1412 = ORIENTED_EDGE ( 'NONE', *, *, #637, .T. ) ;
#1413 = VECTOR ( 'NONE', #706, 1000.000000000000000 ) ;
#1414 = FACE_OUTER_BOUND ( 'NONE', #742, .T. ) ;
#1415 = ORIENTED_EDGE ( 'NONE', *, *, #640, .T. ) ;
#1416 = DIRECTION ( 'NONE',  ( 0.05226442768871396999, 0.9972646886342372285, 0.05226442768871396999 ) ) ;
#1417 = DIRECTION ( 'NONE',  ( 1.000000000000000000, 0.000000000000000000, 0.000000000000000000 ) ) ;
#1418 = VECTOR ( 'NONE', #357, 1000.000000000000000 ) ;
#1419 = CARTESIAN_POINT ( 'NONE',  ( -3.999999999999996447, 18.99999999983492671, 36.00000000000009237 ) ) ;
#1420 = VECTOR ( 'NONE', #824, 1000.000000000000000 ) ;
#1421 = EDGE_CURVE ( 'NONE', #1535, #865, #1368, .T. ) ;
#1422 = VERTEX_POINT ( 'NONE', #945 ) ;
#1423 = EDGE_CURVE ( 'NONE', #237, #1568, #1389, .T. ) ;
#1424 = DIRECTION ( 'NONE',  ( -0.05226442768871395611, 0.9972646886342372285, -0.05226442768871396999 ) ) ;
#1425 = VERTEX_POINT ( 'NONE', #377 ) ;
#1426 = CARTESIAN_POINT ( 'NONE',  ( -12.39518444143391740, 18.99999999995816324, 19.00000000000008527 ) ) ;
#1427 = FACE_OUTER_BOUND ( 'NONE', #885, .T. ) ;
#1428 = EDGE_LOOP ( 'NONE', ( #727, #1446, #444, #544 ) ) ;
#1429 = EDGE_CURVE ( 'NONE', #836, #1011, #1111, .T. ) ;
#1430 = DIRECTION ( 'NONE',  ( 0.000000000000000000, 0.9975640502598241977, 0.06975647374412545509 ) ) ;
#1431 = EDGE_LOOP ( 'NONE', ( #438, #1044, #1272, #1735, #1511 ) ) ;
#1432 = CARTESIAN_POINT ( 'NONE',  ( 12.68872401980573272, 11.57831023005773297, 0.8096343220808689400 ) ) ;
#1433 = ORIENTED_EDGE ( 'NONE', *, *, #69, .F. ) ;
#1434 = FACE_OUTER_BOUND ( 'NONE', #288, .T. ) ;
#1435 = LINE ( 'NONE', #1406, #1688 ) ;
#1436 = VERTEX_POINT ( 'NONE', #1657 ) ;
#1437 = DIRECTION ( 'NONE',  ( 0.000000000000000000, 0.06975647374412546897, -0.9975640502598243087 ) ) ;
#1438 = PLANE ( 'NONE',  #421 ) ;
#1439 = EDGE_CURVE ( 'NONE', #1071, #126, #1101, .T. ) ;
#1440 = VECTOR ( 'NONE', #1724, 1000.000000000000114 ) ;
#1441 = EDGE_LOOP ( 'NONE', ( #1808, #1124, #1647, #1506 ) ) ;
#1442 = ORIENTED_EDGE ( 'NONE', *, *, #1399, .F. ) ;
#1443 = LINE ( 'NONE', #452, #1059 ) ;
#1444 = PLANE ( 'NONE',  #279 ) ;
#1445 = DIRECTION ( 'NONE',  ( -1.000000000000000000, 0.000000000000000000, 0.000000000000000000 ) ) ;
#1446 = ORIENTED_EDGE ( 'NONE', *, *, #794, .F. ) ;
#1447 = DIRECTION ( 'NONE',  ( 0.4752916965851550213, -0.6566651710103162953, -0.5855669529090563596 ) ) ;
#1448 = VECTOR ( 'NONE', #769, 1000.000000000000000 ) ;
#1449 = DIRECTION ( 'NONE',  ( -0.05220881640815368957, 0.9962035621884733905, -0.06966133915060870874 ) ) ;
#1450 = AXIS2_PLACEMENT_3D ( 'NONE', #1152, #431, #1719 ) ;
#1451 = EDGE_CURVE ( 'NONE', #42, #1573, #961, .T. ) ;
#1452 = EDGE_CURVE ( 'NONE', #1196, #775, #1122, .T. ) ;
#1453 = ORIENTED_EDGE ( 'NONE', *, *, #1801, .F. ) ;
#1454 = PLANE ( 'NONE',  #112 ) ;
#1455 = AXIS2_PLACEMENT_3D ( 'NONE', #443, #868, #10 ) ;
#1456 = PLANE ( 'NONE',  #170 ) ;
#1457 = VERTEX_POINT ( 'NONE', #1681 ) ;
#1458 = LINE ( 'NONE', #1350, #1448 ) ;
#1459 = PLANE ( 'NONE',  #334 ) ;
#1460 = ADVANCED_FACE ( 'NONE', ( #1537 ), #1664, .F. ) ;
#1461 = EDGE_LOOP ( 'NONE', ( #1027, #910, #1553, #1691 ) ) ;
#1462 = LINE ( 'NONE', #1190, #547 ) ;
#1463 = DIRECTION ( 'NONE',  ( -0.05226442768871396305, 0.9972646886342372285, 0.05226442768871396999 ) ) ;
#1464 = EDGE_CURVE ( 'NONE', #568, #2, #804, .T. ) ;
#1465 = ORIENTED_EDGE ( 'NONE', *, *, #57, .F. ) ;
#1466 = DIRECTION ( 'NONE',  ( -0.05226442768871397693, 0.9972646886342372285, -0.05226442768871396999 ) ) ;
#1467 = CIRCLE ( 'NONE', #508, 3.290368882867836131 ) ;
#1468 = DIRECTION ( 'NONE',  ( -0.000000000000000000, -0.000000000000000000, -1.000000000000000000 ) ) ;
#1469 = ORIENTED_EDGE ( 'NONE', *, *, #102, .T. ) ;
#1470 = AXIS2_PLACEMENT_3D ( 'NONE', #1239, #1104, #104 ) ;
#1471 = VECTOR ( 'NONE', #1662, 1000.000000000000000 ) ;
#1472 = VERTEX_POINT ( 'NONE', #677 ) ;
#1473 = AXIS2_PLACEMENT_3D ( 'NONE', #233, #250, #1077 ) ;
#1474 = LINE ( 'NONE', #776, #1240 ) ;
#1475 = LINE ( 'NONE', #1331, #1542 ) ;
#1476 = ORIENTED_EDGE ( 'NONE', *, *, #277, .T. ) ;
#1477 = CARTESIAN_POINT ( 'NONE',  ( 8.000000000000000000, 2.000000000000000000, 132.9999999999954525 ) ) ;
#1478 = DIRECTION ( 'NONE',  ( 9.637352644315591545E-17, 0.000000000000000000, 1.000000000000000000 ) ) ;
#1479 = EDGE_LOOP ( 'NONE', ( #198, #254, #1374, #1759 ) ) ;
#1480 = ORIENTED_EDGE ( 'NONE', *, *, #716, .T. ) ;
#1481 = VECTOR ( 'NONE', #322, 1000.000000000000000 ) ;
#1482 = CARTESIAN_POINT ( 'NONE',  ( 27.36651747436950544, 7.368374555808545168, 115.9999999999999432 ) ) ;
#1483 = EDGE_CURVE ( 'NONE', #1606, #701, #1378, .T. ) ;
#1484 = ADVANCED_FACE ( 'NONE', ( #952 ), #113, .F. ) ;
#1485 = FACE_OUTER_BOUND ( 'NONE', #1461, .T. ) ;
#1486 = ORIENTED_EDGE ( 'NONE', *, *, #1255, .T. ) ;
#1487 = DIRECTION ( 'NONE',  ( -0.000000000000000000, -0.000000000000000000, -1.000000000000000000 ) ) ;
#1488 = EDGE_CURVE ( 'NONE', #701, #310, #1809, .T. ) ;
#1489 = LINE ( 'NONE', #343, #690 ) ;
#1490 = DIRECTION ( 'NONE',  ( 0.000000000000000000, -0.9986295347545739443, -0.05233595624294389015 ) ) ;
#1491 = CARTESIAN_POINT ( 'NONE',  ( 3.290368882867839684, 14.99999999983492671, 42.50000000000009237 ) ) ;
#1492 = ORIENTED_EDGE ( 'NONE', *, *, #308, .T. ) ;
#1493 = CARTESIAN_POINT ( 'NONE',  ( 9.000000000000000000, 20.99999999990131982, 102.9999999999999289 ) ) ;
#1494 = LINE ( 'NONE', #173, #331 ) ;
#1495 = ORIENTED_EDGE ( 'NONE', *, *, #870, .T. ) ;
#1496 = PLANE ( 'NONE',  #1223 ) ;
#1497 = CARTESIAN_POINT ( 'NONE',  ( -3.499999999999994227, 18.99999999983492671, 82.00000000000007105 ) ) ;
#1498 = EDGE_CURVE ( 'NONE', #573, #575, #269, .T. ) ;
#1499 = LINE ( 'NONE', #187, #1076 ) ;
#1500 = SURFACE_SIDE_STYLE ('',( #1242 ) ) ;
#1501 = CARTESIAN_POINT ( 'NONE',  ( -8.633145545018710010, 13.99999999990131982, 110.6331455450186354 ) ) ;
#1502 = EDGE_CURVE ( 'NONE', #895, #998, #538, .T. ) ;
#1503 = ORIENTED_EDGE ( 'NONE', *, *, #445, .F. ) ;
#1504 = LINE ( 'NONE', #218, #673 ) ;
#1505 = COLOUR_RGB ( '',0.9490196078431372140, 0.6980392156862744724, 0.3882352941176470673 ) ;
#1506 = ORIENTED_EDGE ( 'NONE', *, *, #900, .T. ) ;
#1507 = DIRECTION ( 'NONE',  ( 0.000000000000000000, -0.05233595624294388321, -0.9986295347545739443 ) ) ;
#1508 = AXIS2_PLACEMENT_3D ( 'NONE', #297, #1437, #1430 ) ;
#1509 =( NAMED_UNIT ( * ) PLANE_ANGLE_UNIT ( ) SI_UNIT ( $, .RADIAN. ) );
#1510 = LINE ( 'NONE', #1385, #1380 ) ;
#1511 = ORIENTED_EDGE ( 'NONE', *, *, #979, .F. ) ;
#1512 = VECTOR ( 'NONE', #368, 1000.000000000000114 ) ;
#1513 = ADVANCED_FACE ( 'NONE', ( #833 ), #30, .F. ) ;
#1514 = LINE ( 'NONE', #99, #1594 ) ;
#1515 = ADVANCED_FACE ( 'NONE', ( #419 ), #1141, .F. ) ;
#1516 = ORIENTED_EDGE ( 'NONE', *, *, #1354, .F. ) ;
#1517 = CARTESIAN_POINT ( 'NONE',  ( -11.63591853607468352, 1.441784424664243724, -8.705018218182619449 ) ) ;
#1518 = DIRECTION ( 'NONE',  ( 0.000000000000000000, 0.000000000000000000, -1.000000000000000000 ) ) ;
#1519 = DIRECTION ( 'NONE',  ( 0.5511472721469720115, -0.8323754084719456880, -0.05820535865462053010 ) ) ;
#1520 = PLANE ( 'NONE',  #1381 ) ;
#1521 = FACE_OUTER_BOUND ( 'NONE', #915, .T. ) ;
#1522 = ADVANCED_FACE ( 'NONE', ( #999, #1571, #1578, #1701, #153, #861, #854 ), #725, .F. ) ;
#1523 = ORIENTED_EDGE ( 'NONE', *, *, #1302, .T. ) ;
#1524 = ORIENTED_EDGE ( 'NONE', *, *, #691, .T. ) ;
#1525 = CARTESIAN_POINT ( 'NONE',  ( 11.61602218167136158, 9.431476922861151024, 132.3404868868609867 ) ) ;
#1526 = CARTESIAN_POINT ( 'NONE',  ( 9.000000000000000000, 20.99999999990131982, 110.9999999999999147 ) ) ;
#1527 = PLANE ( 'NONE',  #1049 ) ;
#1528 = DIRECTION ( 'NONE',  ( -0.9986295347545739443, -0.05233595624294388321, 0.000000000000000000 ) ) ;
#1529 = EDGE_LOOP ( 'NONE', ( #783, #324, #1728, #1595 ) ) ;
#1530 = ORIENTED_EDGE ( 'NONE', *, *, #963, .T. ) ;
#1531 = PLANE ( 'NONE',  #186 ) ;
#1532 = VECTOR ( 'NONE', #807, 1000.000000000000000 ) ;
#1533 = CARTESIAN_POINT ( 'NONE',  ( 7.989073718393489898, 18.79151412701239821, 34.98907371839356983 ) ) ;
#1534 = CARTESIAN_POINT ( 'NONE',  ( 12.39518444143391740, 18.99999999995816324, 19.00000000000008527 ) ) ;
#1535 = VERTEX_POINT ( 'NONE', #25 ) ;
#1536 = VERTEX_POINT ( 'NONE', #1555 ) ;
#1537 = FACE_OUTER_BOUND ( 'NONE', #1119, .T. ) ;
#1538 = LINE ( 'NONE', #805, #1825 ) ;
#1539 = VECTOR ( 'NONE', #39, 1000.000000000000227 ) ;
#1540 = FACE_OUTER_BOUND ( 'NONE', #144, .T. ) ;
#1541 = LINE ( 'NONE', #263, #336 ) ;
#1542 = VECTOR ( 'NONE', #1191, 1000.000000000000114 ) ;
#1543 = ORIENTED_EDGE ( 'NONE', *, *, #69, .T. ) ;
#1544 = CARTESIAN_POINT ( 'NONE',  ( -28.00000000000000000, 0.000000000000000000, 130.0000000000000000 ) ) ;
#1545 = ORIENTED_EDGE ( 'NONE', *, *, #1159, .F. ) ;
#1546 = DIRECTION ( 'NONE',  ( -1.734723475976805615E-16, 0.000000000000000000, 1.000000000000000000 ) ) ;
#1547 = CARTESIAN_POINT ( 'NONE',  ( -8.000000000000000000, 18.99999999983492671, 36.00000000000009237 ) ) ;
#1548 = DIRECTION ( 'NONE',  ( -0.03584626078753563871, -0.9969229320776722414, 0.06971164239356852921 ) ) ;
#1549 = DIRECTION ( 'NONE',  ( 0.000000000000000000, -0.9986295347545739443, -0.05233595624294388321 ) ) ;
#1550 = MANIFOLD_SOLID_BREP ( 'Draft4', #129 ) ;
#1551 = EDGE_CURVE ( 'NONE', #1011, #2, #410, .T. ) ;
#1552 = EDGE_LOOP ( 'NONE', ( #1271, #1742, #1048, #1655 ) ) ;
#1553 = ORIENTED_EDGE ( 'NONE', *, *, #1613, .F. ) ;
#1554 = VECTOR ( 'NONE', #408, 1000.000000000000000 ) ;
#1555 = CARTESIAN_POINT ( 'NONE',  ( 4.000000000000005329, 18.99999999983492671, 26.00000000000008171 ) ) ;
#1556 = DIRECTION ( 'NONE',  ( -1.000000000000000000, 0.000000000000000000, 0.000000000000000000 ) ) ;
#1557 = CARTESIAN_POINT ( 'NONE',  ( 11.99451813901828956, 2.209343824971774950, 129.8455076298326674 ) ) ;
#1558 = VECTOR ( 'NONE', #1673, 999.9999999999998863 ) ;
#1559 = VERTEX_POINT ( 'NONE', #441 ) ;
#1560 = LINE ( 'NONE', #284, #1315 ) ;
#1561 = ORIENTED_EDGE ( 'NONE', *, *, #1175, .T. ) ;
#1562 = EDGE_CURVE ( 'NONE', #1099, #978, #1726, .T. ) ;
#1563 = EDGE_CURVE ( 'NONE', #1718, #1021, #139, .T. ) ;
#1564 = CARTESIAN_POINT ( 'NONE',  ( 4.000000000000006217, 18.99999999983492671, 35.00000000000008527 ) ) ;
#1565 = ORIENTED_EDGE ( 'NONE', *, *, #786, .T. ) ;
#1566 = PLANE ( 'NONE',  #1172 ) ;
#1567 = COLOUR_RGB ( '',0.9490196078431372140, 0.6980392156862744724, 0.3882352941176470673 ) ;
#1568 = VERTEX_POINT ( 'NONE', #580 ) ;
#1569 = CARTESIAN_POINT ( 'NONE',  ( -28.00000000000000000, 0.000000000000000000, 0.000000000000000000 ) ) ;
#1570 = ORIENTED_EDGE ( 'NONE', *, *, #813, .T. ) ;
#1571 = FACE_BOUND ( 'NONE', #1324, .T. ) ;
#1572 = CARTESIAN_POINT ( 'NONE',  ( 4.209631117132170530, 14.99999999983492671, 26.20963111713224691 ) ) ;
#1573 = VERTEX_POINT ( 'NONE', #1280 ) ;
#1574 = ADVANCED_FACE ( 'NONE', ( #876, #570, #1434 ), #719, .F. ) ;
#1575 = CARTESIAN_POINT ( 'NONE',  ( -9.000000000000000000, 20.99999999990131982, 102.9999999999999289 ) ) ;
#1576 = ORIENTED_EDGE ( 'NONE', *, *, #1085, .T. ) ;
#1577 = ORIENTED_EDGE ( 'NONE', *, *, #736, .F. ) ;
#1578 = FACE_BOUND ( 'NONE', #1733, .T. ) ;
#1579 = CARTESIAN_POINT ( 'NONE',  ( 3.290368882867839684, 14.99999999983492671, 42.50000000000009237 ) ) ;
#1580 = LINE ( 'NONE', #305, #933 ) ;
#1581 = EDGE_CURVE ( 'NONE', #1676, #193, #1443, .T. ) ;
#1582 = ADVANCED_FACE ( 'NONE', ( #1586 ), #1454, .F. ) ;
#1583 = CARTESIAN_POINT ( 'NONE',  ( -12.68872401980574516, 11.57831023005775251, 129.1903656779191465 ) ) ;
#1584 = VECTOR ( 'NONE', #519, 1000.000000000000114 ) ;
#1585 = ORIENTED_EDGE ( 'NONE', *, *, #1749, .T. ) ;
#1586 = FACE_OUTER_BOUND ( 'NONE', #484, .T. ) ;
#1587 = CARTESIAN_POINT ( 'NONE',  ( 3.500000000000004885, 18.99999999983492671, 77.50000000000009948 ) ) ;
#1588 = VERTEX_POINT ( 'NONE', #1482 ) ;
#1589 = EDGE_CURVE ( 'NONE', #1099, #1224, #1765, .T. ) ;
#1590 = PLANE ( 'NONE',  #312 ) ;
#1591 = AXIS2_PLACEMENT_3D ( 'NONE', #669, #1649, #1095 ) ;
#1592 = DIRECTION ( 'NONE',  ( 0.9986295347545739443, -0.05233595624294388321, 0.000000000000000000 ) ) ;
#1593 = LINE ( 'NONE', #585, #1440 ) ;
#1594 = VECTOR ( 'NONE', #666, 1000.000000000000000 ) ;
#1595 = ORIENTED_EDGE ( 'NONE', *, *, #239, .T. ) ;
#1596 = DIRECTION ( 'NONE',  ( 1.000000000000000000, 0.000000000000000000, 0.000000000000000000 ) ) ;
#1597 = UNCERTAINTY_MEASURE_WITH_UNIT (LENGTH_MEASURE( 1.000000000000000082E-05 ), #147, 'distance_accuracy_value', 'NONE');
#1598 = VECTOR ( 'NONE', #1310, 1000.000000000000000 ) ;
#1599 = CARTESIAN_POINT ( 'NONE',  ( 5.204170427930421283E-15, 14.99999999983492671, 77.50000000000009948 ) ) ;
#1600 = ORIENTED_EDGE ( 'NONE', *, *, #870, .F. ) ;
#1601 = CARTESIAN_POINT ( 'NONE',  ( 4.010926281606521648, 18.79151412701239821, 26.01092628160659714 ) ) ;
#1602 = FACE_OUTER_BOUND ( 'NONE', #934, .T. ) ;
#1603 = EDGE_LOOP ( 'NONE', ( #1710, #451, #995, #1806 ) ) ;
#1604 = CARTESIAN_POINT ( 'NONE',  ( 4.209631117132171418, 14.99999999983492671, 34.79036888286791651 ) ) ;
#1605 = FACE_OUTER_BOUND ( 'NONE', #820, .T. ) ;
#1606 = VERTEX_POINT ( 'NONE', #496 ) ;
#1607 = LINE ( 'NONE', #748, #414 ) ;
#1608 = DIRECTION ( 'NONE',  ( 0.05233595624294388321, -0.9986295347545739443, 0.000000000000000000 ) ) ;
#1609 = EDGE_CURVE ( 'NONE', #1177, #906, #1627, .T. ) ;
#1610 = VECTOR ( 'NONE', #709, 1000.000000000000114 ) ;
#1611 = CARTESIAN_POINT ( 'NONE',  ( -4.010926281606512767, 18.79151412701239821, 70.98907371839358404 ) ) ;
#1612 = ORIENTED_EDGE ( 'NONE', *, *, #691, .F. ) ;
#1613 = EDGE_CURVE ( 'NONE', #1588, #1183, #1504, .T. ) ;
#1614 = CIRCLE ( 'NONE', #67, 3.500000000000003109 ) ;
#1615 = VERTEX_POINT ( 'NONE', #908 ) ;
#1616 = VECTOR ( 'NONE', #1468, 1000.000000000000000 ) ;
#1617 = DIRECTION ( 'NONE',  ( -0.5568243486981278023, -0.2097866522896004449, 0.8037015647726636347 ) ) ;
#1618 = PLANE ( 'NONE',  #1273 ) ;
#1619 = ORIENTED_EDGE ( 'NONE', *, *, #753, .T. ) ;
#1620 = EDGE_CURVE ( 'NONE', #193, #586, #1736, .T. ) ;
#1621 = FACE_OUTER_BOUND ( 'NONE', #1246, .T. ) ;
#1622 = DIRECTION ( 'NONE',  ( -0.000000000000000000, 1.000000000000000000, -0.000000000000000000 ) ) ;
#1623 = VERTEX_POINT ( 'NONE', #1169 ) ;
#1624 = LINE ( 'NONE', #1034, #741 ) ;
#1625 = ORIENTED_EDGE ( 'NONE', *, *, #45, .F. ) ;
#1626 = VECTOR ( 'NONE', #928, 1000.000000000000000 ) ;
#1627 = LINE ( 'NONE', #79, #1539 ) ;
#1628 = DIRECTION ( 'NONE',  ( 0.000000000000000000, 0.06975647374412546897, 0.9975640502598243087 ) ) ;
#1629 = ORIENTED_EDGE ( 'NONE', *, *, #1354, .T. ) ;
#1630 = EDGE_CURVE ( 'NONE', #1177, #1422, #1474, .T. ) ;
#1631 = DIRECTION ( 'NONE',  ( -0.9986295347545739443, -0.05233595624294388321, 0.000000000000000000 ) ) ;
#1632 = EDGE_CURVE ( 'NONE', #768, #276, #208, .T. ) ;
#1633 = EDGE_CURVE ( 'NONE', #596, #1568, #1205, .T. ) ;
#1634 = CARTESIAN_POINT ( 'NONE',  ( 12.11030494255776091, 0.000000000000000000, 132.9999999999954525 ) ) ;
#1635 = DIRECTION ( 'NONE',  ( -0.8113749084515882171, 0.06975647374412545509, -0.5803488539714385386 ) ) ;
#1636 = VERTEX_POINT ( 'NONE', #1346 ) ;
#1637 = CARTESIAN_POINT ( 'NONE',  ( 17.50000000000000000, 21.00000000000000000, 130.0000000000000000 ) ) ;
#1638 = EDGE_LOOP ( 'NONE', ( #1743, #1023, #752, #366 ) ) ;
#1639 = CARTESIAN_POINT ( 'NONE',  ( -28.00000000000000000, 0.000000000000000000, 14.00000000000008171 ) ) ;
#1640 = FACE_OUTER_BOUND ( 'NONE', #765, .T. ) ;
#1641 = DIRECTION ( 'NONE',  ( 0.05233595624294388321, -0.9986295347545739443, 0.000000000000000000 ) ) ;
#1642 = ADVANCED_FACE ( 'NONE', ( #70 ), #355, .T. ) ;
#1643 = VECTOR ( 'NONE', #1333, 1000.000000000000227 ) ;
#1644 = EDGE_CURVE ( 'NONE', #906, #1436, #1744, .T. ) ;
#1645 = ORIENTED_EDGE ( 'NONE', *, *, #394, .F. ) ;
#1646 = CONICAL_SURFACE ( 'NONE', #988, 3.500000000000003109, 0.05235987755982993153 ) ;
#1647 = ORIENTED_EDGE ( 'NONE', *, *, #1091, .F. ) ;
#1648 = VECTOR ( 'NONE', #922, 1000.000000000000000 ) ;
#1649 = DIRECTION ( 'NONE',  ( 0.000000000000000000, -1.000000000000000000, 0.000000000000000000 ) ) ;
#1650 = AXIS2_PLACEMENT_3D ( 'NONE', #21, #412, #985 ) ;
#1651 = CARTESIAN_POINT ( 'NONE',  ( 12.49999999999999645, 21.00000000000000000, 18.99999999999789324 ) ) ;
#1652 = PRESENTATION_STYLE_ASSIGNMENT (( #940 ) ) ;
#1653 = CARTESIAN_POINT ( 'NONE',  ( 5.204170427930421283E-15, 18.99999999983492671, 77.50000000000009948 ) ) ;
#1654 = VERTEX_POINT ( 'NONE', #470 ) ;
#1655 = ORIENTED_EDGE ( 'NONE', *, *, #1644, .F. ) ;
#1656 = VECTOR ( 'NONE', #367, 1000.000000000000114 ) ;
#1657 = CARTESIAN_POINT ( 'NONE',  ( 3.500000000000004885, 18.99999999983492671, 47.00000000000007105 ) ) ;
#1658 = LINE ( 'NONE', #231, #662 ) ;
#1659 = LINE ( 'NONE', #653, #1108 ) ;
#1660 = DIRECTION ( 'NONE',  ( -0.05226442768871397693, 0.9972646886342372285, 0.05226442768871396999 ) ) ;
#1661 = ORIENTED_EDGE ( 'NONE', *, *, #91, .T. ) ;
#1662 = DIRECTION ( 'NONE',  ( -1.000000000000000000, 0.000000000000000000, 0.000000000000000000 ) ) ;
#1663 = ORIENTED_EDGE ( 'NONE', *, *, #1018, .F. ) ;
#1664 = PLANE ( 'NONE',  #1329 ) ;
#1665 = LINE ( 'NONE', #1526, #874 ) ;
#1666 = PLANE ( 'NONE',  #1473 ) ;
#1667 = DIRECTION ( 'NONE',  ( -0.9986295347545739443, -0.05233595624294388321, -1.732346097742555105E-16 ) ) ;
#1668 = DIRECTION ( 'NONE',  ( 0.000000000000000000, -0.05233595624294388321, 0.9986295347545739443 ) ) ;
#1669 = ORIENTED_EDGE ( 'NONE', *, *, #182, .T. ) ;
#1670 = ORIENTED_EDGE ( 'NONE', *, *, #1214, .T. ) ;
#1671 = DIRECTION ( 'NONE',  ( -0.000000000000000000, -0.000000000000000000, -1.000000000000000000 ) ) ;
#1672 = CARTESIAN_POINT ( 'NONE',  ( -28.00000000000000000, 0.000000000000000000, 132.9999999999954525 ) ) ;
#1673 = DIRECTION ( 'NONE',  ( -0.5511472721469717895, -0.8323754084719460211, 0.05820535865462054398 ) ) ;
#1674 = VECTOR ( 'NONE', #156, 1000.000000000000114 ) ;
#1675 = CARTESIAN_POINT ( 'NONE',  ( -12.50000000000000000, 20.99999999995816324, 19.00000000000008527 ) ) ;
#1676 = VERTEX_POINT ( 'NONE', #639 ) ;
#1677 = CARTESIAN_POINT ( 'NONE',  ( -3.999999999999998224, 18.99999999983492671, 26.00000000000008527 ) ) ;
#1678 = VECTOR ( 'NONE', #1041, 1000.000000000000000 ) ;
#1679 = DIRECTION ( 'NONE',  ( 0.000000000000000000, -1.000000000000000000, 0.000000000000000000 ) ) ;
#1680 = ORIENTED_EDGE ( 'NONE', *, *, #1091, .T. ) ;
#1681 = CARTESIAN_POINT ( 'NONE',  ( 8.000000000000005329, 18.99999999983492671, 26.00000000000008171 ) ) ;
#1682 = PLANE ( 'NONE',  #98 ) ;
#1683 = EDGE_CURVE ( 'NONE', #1422, #1436, #1462, .T. ) ;
#1684 = AXIS2_PLACEMENT_3D ( 'NONE', #587, #982, #702 ) ;
#1685 = DIRECTION ( 'NONE',  ( 0.9986295347545742773, -0.05233595624293693738, 0.000000000000000000 ) ) ;
#1686 = EDGE_CURVE ( 'NONE', #1676, #1093, #1065, .T. ) ;
#1687 = DIRECTION ( 'NONE',  ( 0.05233595624294459098, -0.9986295347545738332, 0.000000000000000000 ) ) ;
#1688 = VECTOR ( 'NONE', #1693, 1000.000000000000114 ) ;
#1689 = ORIENTED_EDGE ( 'NONE', *, *, #1092, .T. ) ;
#1690 = DIRECTION ( 'NONE',  ( 0.000000000000000000, 1.000000000000000000, 0.000000000000000000 ) ) ;
#1691 = ORIENTED_EDGE ( 'NONE', *, *, #319, .F. ) ;
#1692 = PRESENTATION_STYLE_ASSIGNMENT (( #558 ) ) ;
#1693 = DIRECTION ( 'NONE',  ( 0.05226442768871395611, 0.9972646886342372285, -0.05226442768871396999 ) ) ;
#1694 = CARTESIAN_POINT ( 'NONE',  ( -27.36651747436948057, 7.368374555808572701, 14.00000000000006750 ) ) ;
#1695 = ADVANCED_FACE ( 'NONE', ( #886 ), #1037, .F. ) ;
#1696 = VERTEX_POINT ( 'NONE', #1604 ) ;
#1697 = EDGE_CURVE ( 'NONE', #586, #163, #628, .T. ) ;
#1698 = CARTESIAN_POINT ( 'NONE',  ( 17.85024913807342983, 3.783067840632279299, 0.2645378734614359795 ) ) ;
#1699 = ORIENTED_EDGE ( 'NONE', *, *, #949, .T. ) ;
#1700 = VECTOR ( 'NONE', #1013, 1000.000000000000000 ) ;
#1701 = FACE_BOUND ( 'NONE', #1552, .T. ) ;
#1702 = DIRECTION ( 'NONE',  ( -0.5863281493267925581, -0.8100736394347234359, 0.000000000000000000 ) ) ;
#1703 = ORIENTED_EDGE ( 'NONE', *, *, #893, .F. ) ;
#1704 = CARTESIAN_POINT ( 'NONE',  ( 4.005481860981711328, 2.209343824971774950, 129.8455076298326674 ) ) ;
#1705 = VECTOR ( 'NONE', #406, 1000.000000000000000 ) ;
#1706 = EDGE_CURVE ( 'NONE', #97, #797, #1330, .T. ) ;
#1707 = CARTESIAN_POINT ( 'NONE',  ( 19.90695322555964353, 17.67454246974673993, 4.809697836952905980 ) ) ;
#1708 = VERTEX_POINT ( 'NONE', #179 ) ;
#1709 = CARTESIAN_POINT ( 'NONE',  ( 12.39518444143391740, 18.99999999995816324, 19.10481555856616964 ) ) ;
#1710 = ORIENTED_EDGE ( 'NONE', *, *, #1312, .T. ) ;
#1711 = ADVANCED_FACE ( 'NONE', ( #1046 ), #743, .T. ) ;
#1712 = CARTESIAN_POINT ( 'NONE',  ( 12.50000000000000711, 20.99999999995816324, 94.00000000000008527 ) ) ;
#1713 = VERTEX_POINT ( 'NONE', #1493 ) ;
#1714 = CARTESIAN_POINT ( 'NONE',  ( 13.65700831781602353, 13.47445468373568822, 126.5357634427700049 ) ) ;
#1715 = AXIS2_PLACEMENT_3D ( 'NONE', #3, #867, #1131 ) ;
#1716 = ORIENTED_EDGE ( 'NONE', *, *, #518, .F. ) ;
#1717 = PLANE ( 'NONE',  #894 ) ;
#1718 = VERTEX_POINT ( 'NONE', #255 ) ;
#1719 = DIRECTION ( 'NONE',  ( 0.000000000000000000, -0.000000000000000000, -1.000000000000000000 ) ) ;
#1720 = CARTESIAN_POINT ( 'NONE',  ( 28.01108384805176854, -0.2114924197018372143, 13.99007526389642564 ) ) ;
#1721 = LINE ( 'NONE', #1016, #157 ) ;
#1722 = LINE ( 'NONE', #143, #1413 ) ;
#1723 = CARTESIAN_POINT ( 'NONE',  ( -12.50000000000000000, 20.99999999995816324, 19.00000000000008527 ) ) ;
#1724 = DIRECTION ( 'NONE',  ( 0.05226442768871396999, 0.9972646886342372285, -0.05226442768871396999 ) ) ;
#1725 = ORIENTED_EDGE ( 'NONE', *, *, #1562, .T. ) ;
#1726 = LINE ( 'NONE', #278, #1361 ) ;
#1727 = LINE ( 'NONE', #313, #1700 ) ;
#1728 = ORIENTED_EDGE ( 'NONE', *, *, #369, .F. ) ;
#1729 = DIRECTION ( 'NONE',  ( 0.000000000000000000, 0.000000000000000000, -1.000000000000000000 ) ) ;
#1730 = PRESENTATION_LAYER_ASSIGNMENT (  '', '', ( #1288 ) ) ;
#1731 = VECTOR ( 'NONE', #1812, 1000.000000000000000 ) ;
#1732 = CARTESIAN_POINT ( 'NONE',  ( 17.98627654002079979, 0.000000000000000000, 130.0000000000000000 ) ) ;
#1733 = EDGE_LOOP ( 'NONE', ( #303, #537, #1129, #1282 ) ) ;
#1734 = VECTOR ( 'NONE', #552, 1000.000000000000114 ) ;
#1735 = ORIENTED_EDGE ( 'NONE', *, *, #1313, .F. ) ;
#1736 = LINE ( 'NONE', #1357, #1626 ) ;
#1737 = FACE_OUTER_BOUND ( 'NONE', #1377, .T. ) ;
#1738 = ORIENTED_EDGE ( 'NONE', *, *, #384, .T. ) ;
#1739 = DIRECTION ( 'NONE',  ( -1.734723475976806108E-16, 0.000000000000000000, -1.000000000000000000 ) ) ;
#1740 = EDGE_CURVE ( 'NONE', #1425, #1287, #1514, .T. ) ;
#1741 = DIRECTION ( 'NONE',  ( 0.000000000000000000, 0.000000000000000000, 1.000000000000000000 ) ) ;
#1742 = ORIENTED_EDGE ( 'NONE', *, *, #169, .F. ) ;
#1743 = ORIENTED_EDGE ( 'NONE', *, *, #1767, .F. ) ;
#1744 = LINE ( 'NONE', #59, #1299 ) ;
#1745 = EDGE_CURVE ( 'NONE', #1457, #1536, #523, .T. ) ;
#1746 = LINE ( 'NONE', #202, #1121 ) ;
#1747 = ORIENTED_EDGE ( 'NONE', *, *, #1159, .T. ) ;
#1748 = CARTESIAN_POINT ( 'NONE',  ( 7.790368882867840128, 14.99999999983492671, 61.20963111713224691 ) ) ;
#1749 = EDGE_CURVE ( 'NONE', #1224, #1292, #1375, .T. ) ;
#1750 = EDGE_CURVE ( 'NONE', #1536, #1623, #811, .T. ) ;
#1751 = LINE ( 'NONE', #763, #1648 ) ;
#1752 = CARTESIAN_POINT ( 'NONE',  ( -7.999999999999998224, 18.99999999983492671, 61.00000000000009237 ) ) ;
#1753 = ORIENTED_EDGE ( 'NONE', *, *, #912, .F. ) ;
#1754 = ADVANCED_FACE ( 'NONE', ( #1395 ), #1252, .F. ) ;
#1755 = EDGE_CURVE ( 'NONE', #1535, #1196, #1721, .T. ) ;
#1756 = VERTEX_POINT ( 'NONE', #486 ) ;
#1757 = DIRECTION ( 'NONE',  ( -1.000000000000000000, 0.000000000000000000, 0.000000000000000000 ) ) ;
#1758 = CARTESIAN_POINT ( 'NONE',  ( -3.499999999999994227, 18.99999999983492671, 82.00000000000007105 ) ) ;
#1759 = ORIENTED_EDGE ( 'NONE', *, *, #1326, .T. ) ;
#1760 = CARTESIAN_POINT ( 'NONE',  ( -57.73850919624248235, -34.59370742723817926, 78.58122164949313060 ) ) ;
#1761 = LINE ( 'NONE', #465, #936 ) ;
#1762 = CARTESIAN_POINT ( 'NONE',  ( -3.999999999999996447, 18.99999999983492671, 36.00000000000009237 ) ) ;
#1763 = ORIENTED_EDGE ( 'NONE', *, *, #1312, .F. ) ;
#1764 = ORIENTED_EDGE ( 'NONE', *, *, #1706, .F. ) ;
#1765 = LINE ( 'NONE', #339, #199 ) ;
#1766 = DIRECTION ( 'NONE',  ( 0.6591840345502909537, 0.4771148402179125059, 0.5812381937190953529 ) ) ;
#1767 = EDGE_CURVE ( 'NONE', #787, #1130, #917, .T. ) ;
#1768 = ORIENTED_EDGE ( 'NONE', *, *, #1216, .T. ) ;
#1769 = DIRECTION ( 'NONE',  ( 0.6613690321426900498, 0.000000000000000000, -0.7500606664281505020 ) ) ;
#1770 = FACE_OUTER_BOUND ( 'NONE', #56, .T. ) ;
#1771 = CARTESIAN_POINT ( 'NONE',  ( 12.50000000000000000, 18.99999999995816324, 19.10481555856616964 ) ) ;
#1772 = LINE ( 'NONE', #663, #304 ) ;
#1773 = EDGE_LOOP ( 'NONE', ( #950, #72, #1140, #1486 ) ) ;
#1774 = VECTOR ( 'NONE', #1596, 1000.000000000000000 ) ;
#1775 = CARTESIAN_POINT ( 'NONE',  ( 4.000000000000005329, 18.99999999983492671, 61.00000000000008527 ) ) ;
#1776 = ORIENTED_EDGE ( 'NONE', *, *, #109, .T. ) ;
#1777 = CARTESIAN_POINT ( 'NONE',  ( -9.000000000000000000, 20.99999999990131982, 102.9999999999999289 ) ) ;
#1778 = VECTOR ( 'NONE', #1445, 1000.000000000000000 ) ;
#1779 = ADVANCED_FACE ( 'NONE', ( #1025 ), #1444, .F. ) ;
#1780 = CARTESIAN_POINT ( 'NONE',  ( -17.50000000000000000, 21.00000000000000000, 115.9999999999999432 ) ) ;
#1781 = EDGE_CURVE ( 'NONE', #294, #895, #1031, .T. ) ;
#1782 = CARTESIAN_POINT ( 'NONE',  ( -3.999999999999998224, 18.99999999983492671, 26.00000000000008527 ) ) ;
#1783 = PLANE ( 'NONE',  #808 ) ;
#1784 = VERTEX_POINT ( 'NONE', #1164 ) ;
#1785 = EDGE_LOOP ( 'NONE', ( #557, #111, #1279, #907 ) ) ;
#1786 = DIRECTION ( 'NONE',  ( 1.000000000000000000, 0.000000000000000000, 0.000000000000000000 ) ) ;
#1787 = LINE ( 'NONE', #1392, #664 ) ;
#1788 =( NAMED_UNIT ( * ) SI_UNIT ( $, .STERADIAN. ) SOLID_ANGLE_UNIT ( ) );
#1789 = CARTESIAN_POINT ( 'NONE',  ( -3.290368882867829470, 14.99999999983492671, 77.50000000000009948 ) ) ;
#1790 = VECTOR ( 'NONE', #1340, 1000.000000000000114 ) ;
#1791 = EDGE_LOOP ( 'NONE', ( #546, #1442, #609, #189 ) ) ;
#1792 = ORIENTED_EDGE ( 'NONE', *, *, #1498, .F. ) ;
#1793 = VECTOR ( 'NONE', #36, 1000.000000000000114 ) ;
#1794 = CARTESIAN_POINT ( 'NONE',  ( -3.999999999993536726, 18.99999999995816324, 36.00000000000009237 ) ) ;
#1795 = DIRECTION ( 'NONE',  ( 0.000000000000000000, -0.9986295347545739443, -0.05233595624294388321 ) ) ;
#1796 = PLANE ( 'NONE',  #1348 ) ;
#1797 = ORIENTED_EDGE ( 'NONE', *, *, #369, .T. ) ;
#1798 = ORIENTED_EDGE ( 'NONE', *, *, #650, .T. ) ;
#1799 = VECTOR ( 'NONE', #525, 1000.000000000000114 ) ;
#1800 = CARTESIAN_POINT ( 'NONE',  ( 27.96873861274453432, 0.5965028032695547378, 115.9720078246024855 ) ) ;
#1801 = EDGE_CURVE ( 'NONE', #1263, #1071, #449, .T. ) ;
#1802 = ADVANCED_FACE ( 'NONE', ( #47 ), #1646, .F. ) ;
#1803 = LINE ( 'NONE', #661, #15 ) ;
#1804 = SHAPE_DEFINITION_REPRESENTATION ( #732, #561 ) ;
#1805 = CARTESIAN_POINT ( 'NONE',  ( -4.209631117132163425, 14.99999999983492671, 61.20963111713225402 ) ) ;
#1806 = ORIENTED_EDGE ( 'NONE', *, *, #830, .T. ) ;
#1807 = EDGE_CURVE ( 'NONE', #1756, #265, #1188, .T. ) ;
#1808 = ORIENTED_EDGE ( 'NONE', *, *, #774, .T. ) ;
#1809 = LINE ( 'NONE', #122, #521 ) ;
#1810 = FACE_OUTER_BOUND ( 'NONE', #777, .T. ) ;
#1811 = CARTESIAN_POINT ( 'NONE',  ( 3.500000000000004885, 18.99999999983492671, 47.00000000000007105 ) ) ;
#1812 = DIRECTION ( 'NONE',  ( -1.927470528863118062E-16, 0.000000000000000000, -1.000000000000000000 ) ) ;
#1813 = VERTEX_POINT ( 'NONE', #1732 ) ;
#1814 = ADVANCED_FACE ( 'NONE', ( #1043 ), #337, .F. ) ;
#1815 = CARTESIAN_POINT ( 'NONE',  ( -3.999999999999998224, 18.99999999983492671, 61.00000000000009237 ) ) ;
#1816 = ORIENTED_EDGE ( 'NONE', *, *, #44, .T. ) ;
#1817 = DIRECTION ( 'NONE',  ( 0.05233595624294388321, 0.9986295347545739443, 0.000000000000000000 ) ) ;
#1818 = ADVANCED_FACE ( 'NONE', ( #764 ), #459, .F. ) ;
#1819 = CARTESIAN_POINT ( 'NONE',  ( 4.000000000000006217, 14.99999999983492671, 70.00000000000008527 ) ) ;
#1820 = VECTOR ( 'NONE', #206, 1000.000000000000000 ) ;
#1821 = CARTESIAN_POINT ( 'NONE',  ( -3.290368882867829470, 14.99999999983492671, 42.50000000000009237 ) ) ;
#1822 = AXIS2_PLACEMENT_3D ( 'NONE', #1832, #1163, #838 ) ;
#1823 = CARTESIAN_POINT ( 'NONE',  ( 8.000000000000007105, 18.99999999983492671, 35.00000000000008527 ) ) ;
#1824 = ORIENTED_EDGE ( 'NONE', *, *, #1502, .T. ) ;
#1825 = VECTOR ( 'NONE', #507, 1000.000000000000114 ) ;
#1826 = DIRECTION ( 'NONE',  ( 0.000000000000000000, 0.000000000000000000, 1.000000000000000000 ) ) ;
#1827 = ORIENTED_EDGE ( 'NONE', *, *, #241, .T. ) ;
#1828 = CARTESIAN_POINT ( 'NONE',  ( 17.50000000000000000, 21.00000000000000000, 14.00000000000006750 ) ) ;
#1829 = CARTESIAN_POINT ( 'NONE',  ( -3.499999999999994227, 18.99999999983492671, 47.00000000000007105 ) ) ;
#1830 = ORIENTED_EDGE ( 'NONE', *, *, #195, .T. ) ;
#1831 = ADVANCED_FACE ( 'NONE', ( #882 ), #1459, .T. ) ;
#1832 = CARTESIAN_POINT ( 'NONE',  ( -3.999999999999996447, 14.99999999983492671, 71.00000000000008527 ) ) ;
#1833 = ADVANCED_FACE ( 'NONE', ( #792 ), #1520, .F. ) ;
#1834 = CARTESIAN_POINT ( 'NONE',  ( -9.000000000000000000, 20.99999999990131982, 102.9999999999999289 ) ) ;
#1835 = VECTOR ( 'NONE', #1702, 1000.000000000000114 ) ;
#1836 = ORIENTED_EDGE ( 'NONE', *, *, #1302, .F. ) ;
ENDSEC;
END-ISO-10303-21;
